Track URI,Track Name,Album Name,Artist Name(s),Release Date,Duration (ms),Popularity,Explicit,Added By,Added At,Genres,Record Label,Danceability,Energy,Key,Loudness,Mode,Speechiness,Acousticness,Instrumentalness,Liveness,Valence,Tempo,Time Signature
spotify:track:0xbkxTqSaW5blsYgRXpB5I,"Funkin' for Jamaica","Funkin' For Jamaica","Tom Browne",1997-07-16,280933,47,false,31hicjaaokhqtsrnskekv63koo3m,2025-04-01T01:00:21Z,"jazz funk,post-disco,funk","Legacy Recordings",0.854,0.776,8,-9.85,1,0.217,0.436,0.175,0.0549,0.656,111.212,4
spotify:track:1LAMz5sNok4JSTbAIv5vJ9,"Cutie Pie (Re-Recorded)","101 '80s Hits - New Wave, Old School Hip Hop, Hair Metal, Pop & Rock","One Way",2010-11-01,346786,13,false,31hicjaaokhqtsrnskekv63koo3m,2025-04-01T01:00:21Z,"funk,post-disco","Goldenlane Records",0.893,0.502,2,-6.283,1,0.0382,0.0213,0.00891,0.0581,0.926,102.519,4
spotify:track:4soUx56Azc9LVToqOMXFVi,"Mr. Goove","The Best Of One Way","One Way",1996-01-01,285240,0,false,31hicjaaokhqtsrnskekv63koo3m,2025-04-01T01:00:21Z,"funk,post-disco","Geffen*",0.86,0.641,10,-10.75,1,0.0813,0.0289,0.27,0.0834,0.607,111.986,4
spotify:track:1htlb7dIw8uVxj5yuQ3hYz,"Bounce, Rock, Skate, Roll","Roll Bounce Soundtrack","Vaughan Mason and Crew",2007-10-09,327213,0,false,31hicjaaokhqtsrnskekv63koo3m,2025-04-01T01:00:21Z,"funk","Music World Music LLC",0.878,0.591,11,-7.389,0,0.0662,0.00223,0.000754,0.0803,0.8,111.114,4
spotify:track:7jQXYaNA782iophb5GzFuP,"Freakshow on the Dance Floor","Greatest Hits","The Bar-Kays",2008-04-22,288960,45,false,31hicjaaokhqtsrnskekv63koo3m,2025-04-01T01:00:21Z,"funk,post-disco","LocoBop",0.868,0.83,10,-8.101,0,0.0573,0.102,0.0509,0.0432,0.966,130.558,4
spotify:track:7j619sw9uZgcHxch4dOKAQ,"Traffic Jammer","Greatest Hits","The Bar-Kays",2008-04-22,351626,28,false,31hicjaaokhqtsrnskekv63koo3m,2025-04-01T01:00:21Z,"funk,post-disco","LocoBop",0.809,0.75,2,-5.285,1,0.0325,0.174,0.182,0.079,0.959,117.563,4
spotify:track:7o76PBf6KmvWPo2sJtdSYt,"Thighs High (Grip Your Hips and Move)","Funkin' For Jamaica","Tom Browne",1997-07-16,278066,22,false,31hicjaaokhqtsrnskekv63koo3m,2025-04-01T01:00:21Z,"jazz funk,post-disco,funk","Legacy Recordings",0.763,0.753,6,-10.647,1,0.114,0.343,0.514,0.0512,0.83,118.722,4
spotify:track:7nUQ5qUigpxhJSo1Xf6V5A,"No Parking On The Dance Floor","Ultimate Funk - Volume 2","Midnight Star",2000-02-14,267400,0,false,31hicjaaokhqtsrnskekv63koo3m,2025-04-01T01:00:21Z,"post-disco,funk,quiet storm","Metacom Music",0.897,0.659,0,-10.395,1,0.0576,0.0257,0.0956,0.104,0.972,124.916,4
spotify:track:7y3QSZRnvSjbXURfFMeAdD,"Midas Touch","Total 80s","Midnight Star",2010-01-01,234093,0,false,31hicjaaokhqtsrnskekv63koo3m,2025-04-01T01:00:21Z,"post-disco,funk,quiet storm","Universal Music",0.961,0.651,7,-6.094,0,0.0627,0.137,0.0161,0.0768,0.922,117.364,4
spotify:track:4DzNRpkgQ4LY77fDALEmpR,"Ain't We Funkin' Now","20th Century Masters: The Millennium Collection: Best of Brothers Johnson","The Brothers Johnson",2000-01-01,338600,0,false,31hicjaaokhqtsrnskekv63koo3m,2025-04-01T01:00:21Z,"funk,disco","Universal Strategic Marketing",0.756,0.962,2,-4.942,1,0.0742,0.0443,0.031,0.317,0.844,114.379,4
spotify:track:1abbmCW62dP7ag10VjQBz4,"Just a Touch of Love","Just A Touch Of Love","Slave",1979,392733,47,false,31hicjaaokhqtsrnskekv63koo3m,2025-04-01T01:00:21Z,"funk,post-disco","Rhino Atlantic",0.742,0.473,0,-14.567,1,0.0309,0.0508,0.0000214,0.0386,0.904,108.782,4
spotify:track:5nNGWT6o8meSgBjLGMMOgL,"Watching You","Stone Jam","Slave",1980,282373,51,false,31hicjaaokhqtsrnskekv63koo3m,2025-04-01T01:00:21Z,"funk,post-disco","Rhino",0.802,0.507,7,-12.455,1,0.065,0.0438,0,0.0767,0.886,110.694,4
spotify:track:2du5UEJ0j38dZsbh9uSz7S,"Slide","Slave","Slave;Jimmy Douglas",1977,410853,42,false,31hicjaaokhqtsrnskekv63koo3m,2025-04-01T01:00:21Z,"funk,post-disco","Rhino Atlantic",0.597,0.823,4,-12.8,0,0.0328,0.0027,0.11,0.11,0.933,115.948,4
spotify:track:6MTFIavo9RhHZmvevCpQgt,"Backstrokin'","Hot Box","Fatback Band",1980,383426,0,false,31hicjaaokhqtsrnskekv63koo3m,2025-04-01T01:00:21Z,"funk,post-disco,jazz funk","Ace Records",0.885,0.623,9,-9.144,0,0.142,0.0858,0.00316,0.0468,0.811,116.627,4
spotify:track:09ZwAhpxf1U1aYnz2r4gub,"Pop It","The Best Of One Way","One Way;Al Hudson",1996-01-01,246800,0,false,31hicjaaokhqtsrnskekv63koo3m,2025-04-01T01:00:21Z,"funk,post-disco,northern soul","Geffen*",0.948,0.553,11,-7.828,0,0.108,0.0194,0.135,0.055,0.578,113.122,4
spotify:track:3Ho35OJixLg20qshXRgfBs,"More Bounce to the Ounce","All the Greatest Hits","Zapp",1993-09-28,312506,48,false,31hicjaaokhqtsrnskekv63koo3m,2025-04-01T01:00:21Z,"funk,post-disco","Rhino/Warner Records",0.856,0.762,5,-10.445,1,0.0814,0.112,0.00549,0.296,0.839,105.258,4
spotify:track:2mx0O7IniovyDS8Wi0B3Sq,"Doo Wa Ditty (Blow That Thing)","All the Greatest Hits","Zapp",1993-09-28,225093,54,false,31hicjaaokhqtsrnskekv63koo3m,2025-04-01T01:00:21Z,"funk,post-disco","Rhino/Warner Records",0.827,0.676,9,-11.159,1,0.0628,0.472,0.049,0.426,0.92,113.606,4
spotify:track:3k0Jp5IYHtBeSNKUEOqE0i,"So Ruff, so Tuff","All the Greatest Hits","Zapp",1993-09-28,215840,51,false,31hicjaaokhqtsrnskekv63koo3m,2025-04-01T01:00:21Z,"funk,post-disco","Rhino/Warner Records",0.883,0.667,1,-12.143,1,0.0601,0.271,0.000856,0.115,0.91,111.402,4
spotify:track:5AT6RNSP04ZhN9DjSPfAJl,"Dance Floor (Pt. I) - Single Version","All The Greatest Hits","Zapp",1993,236400,25,false,31hicjaaokhqtsrnskekv63koo3m,2025-04-01T01:00:21Z,"funk,post-disco","Warner Records",0.928,0.884,2,-5.111,0,0.0715,0.345,0.00199,0.108,0.927,110.847,4
spotify:track:3T0QZGkpACSmPS5PyHURCk,"I Can Make You Dance - Pt. I","All The Greatest Hits","Zapp",1993,240333,17,false,31hicjaaokhqtsrnskekv63koo3m,2025-04-01T01:00:21Z,"funk,post-disco","Warner Records",0.89,0.835,2,-5.153,1,0.0965,0.113,0,0.188,0.835,113.324,4
spotify:track:6iEFcZI1KxxPaAGlnOVn3y,"Got to Be Real","Cheryl Lynn","Cheryl Lynn",1978,307293,0,false,31hicjaaokhqtsrnskekv63koo3m,2025-04-01T01:00:21Z,"disco,post-disco","Columbia",0.837,0.455,5,-15.326,1,0.0354,0.0296,0.589,0.0398,0.922,114.762,4
spotify:track:7uS1nm63bTYS9qRS99n7Uy,"Atomic Dog","Greatest Hits: Straight Up","George Clinton",2000-01-01,286160,35,false,31hicjaaokhqtsrnskekv63koo3m,2025-04-01T01:00:21Z,"funk","The Right Stuff",0.895,0.666,6,-6.281,0,0.225,0.299,0,0.236,0.731,107.657,4
spotify:track:7K09L0XlSGoRM8v8V6aXZ9,"Give Up The Funk (Tear The Roof Off The Sucker)","Gold","Parliament",2005-01-01,345933,0,false,31hicjaaokhqtsrnskekv63koo3m,2025-04-01T01:00:21Z,"funk,funk rock","Universal Strategic Marketing",0.758,0.729,9,-9.638,1,0.0387,0.0905,0.0000355,0.124,0.91,105.727,4
spotify:track:1eXZp3eQ0IYeDNYDKvqezu,"Flash Light","Funked Up: The Very Best Of Parliament","Parliament",2002-11-05,347853,0,false,31hicjaaokhqtsrnskekv63koo3m,2025-04-01T01:00:21Z,"funk,funk rock","Universal/Island Def Jam",0.732,0.905,10,-4.362,1,0.0665,0.338,0.116,0.571,0.716,105.187,4
spotify:track:2fcNCeN2QF36dwwnZ5AnQQ,"Forget Me Nots - 12"" Version","Rhino Hi-Five: Patrice Rushen","Patrice Rushen",2007-01-30,437760,0,false,31hicjaaokhqtsrnskekv63koo3m,2025-04-01T01:00:21Z,"post-disco,jazz funk,disco,funk","Rhino/Elektra",0.873,0.419,6,-7.814,0,0.0477,0.0914,0.306,0.0476,0.935,113.622,4
spotify:track:47ZmGnh3ydxAlR3lHhzPuK,"Five Minutes of Funk","Greatest Hits","Whodini",1990-07-03,323400,34,false,31hicjaaokhqtsrnskekv63koo3m,2025-04-01T01:00:21Z,"old school hip hop,east coast hip hop","Jive",0.89,0.604,1,-11.438,1,0.0731,0.151,0.000015,0.222,0.924,107.181,4
spotify:track:6UBQONiLH8kNmmB8UrV2Ef,"Genius of Love","Tom Tom Club","Tom Tom Club",1981-09-09,334360,58,false,31hicjaaokhqtsrnskekv63koo3m,2025-04-01T01:00:21Z,"","Rhino/Warner Records",0.921,0.529,2,-11.974,1,0.0851,0.0845,0.000779,0.0478,0.724,102.941,4
spotify:track:7723JnKU2R15Iv4T7OJrly,"Funky Town","Paradas Continuas","Lipps Inc.",2009-10-20,239253,3,false,31hicjaaokhqtsrnskekv63koo3m,2025-04-01T01:00:21Z,"disco","CONSECUENCIAS DISCOGRAFICAS",0.906,0.63,0,-8.071,1,0.0575,0.000547,0.616,0.0994,0.342,122.458,4
spotify:track:5wQ4djiNq19XCQY7Z00uG0,"Call Me","Skyy Line","Skyy",1981-01-01,382333,0,false,31hicjaaokhqtsrnskekv63koo3m,2025-04-01T01:00:21Z,"post-disco,funk","Salsoul Records",0.794,0.636,2,-8.698,1,0.0756,0.00297,0.0141,0.0753,0.847,121.213,4
spotify:track:3odqT6FRAUAFCeOmNFmLrb,"White Lines","White Lines","Grandmaster Flash & The Furious Five",1984,269053,48,false,31hicjaaokhqtsrnskekv63koo3m,2025-04-01T01:00:21Z,"old school hip hop","Rhino",0.853,0.703,0,-8.799,1,0.0586,0.0438,0.00044,0.0646,0.829,115.397,4
spotify:track:19tYXOfQFZ7gdGA3LAH76I,"The Breaks","The Best Of Kurtis Blow","Kurtis Blow",1994-01-01,469266,43,false,31hicjaaokhqtsrnskekv63koo3m,2025-04-01T01:00:21Z,"old school hip hop,east coast hip hop","Island Mercury",0.818,0.67,11,-13.912,0,0.0757,0.122,0.00156,0.31,0.917,112.704,4
spotify:track:1kTYjg3EDXcOAPQr7Tdsuf,"Play At Your Own Risk - 12"" Vocal Version Remastered","The Tommy Boy Story, Vol. 1 [Digital Version]","Planet Patrol",2006-04-11,471853,0,false,31hicjaaokhqtsrnskekv63koo3m,2025-04-01T01:00:21Z,"miami bass,freestyle,funk melody","Rhino",0.733,0.931,11,-3.548,0,0.0951,0.0547,0.00122,0.285,0.696,126.594,4
spotify:track:62GYoGszQfROZswLee6W3O,"Give Me the Night","The George Benson Collection","George Benson",1981,222626,67,false,31hicjaaokhqtsrnskekv63koo3m,2025-04-01T01:00:21Z,"smooth jazz,yacht rock,jazz funk,soul jazz","Rhino/Warner Records",0.85,0.466,1,-15.673,1,0.0555,0.314,0.0234,0.129,0.86,109.936,4
spotify:track:12PyC1F2p7Rw6yAiboDD0v,"You Can't Turn Me Away","Late Night Tales: Another Late Night - Zero 7 (Remastered)","Sylvia Striplin",2012-03-23,328500,0,false,31hicjaaokhqtsrnskekv63koo3m,2025-04-01T01:00:21Z,"post-disco","Late Night Tales",0.611,0.486,7,-12.271,1,0.133,0.526,0.0664,0.0808,0.873,178.718,4
spotify:track:4d4MBwSgdyd255CdSZL5nK,"Groove Me","Groove Me","Fern Kinney",1979-01-01,533813,0,false,31hicjaaokhqtsrnskekv63koo3m,2025-04-01T01:00:21Z,"post-disco","Malaco Records",0.883,0.725,2,-8.311,1,0.0524,0.0146,0.00826,0.101,0.79,107.59,4
spotify:track:3bzwN2zFR5eF9tdNKSnbd4,"Let It Whip - Re-Recorded","80s Mania","Dazz Band",2008-09-01,282647,0,false,31hicjaaokhqtsrnskekv63koo3m,2025-04-01T01:00:21Z,"funk,post-disco","Cleopatra Records",0.858,0.816,7,-6.947,1,0.0598,0.216,0.0000807,0.135,0.965,131.988,4
spotify:track:24oA7HLeKcidHKh6PDXUqI,"No Parking (On the Dance Floor) - Re-Recorded","100 Disco Hits of the '70s & '80s (Re-Recorded Versions)","Dazz Band",2010-08-02,268718,0,false,31hicjaaokhqtsrnskekv63koo3m,2025-04-01T01:00:21Z,"funk,post-disco","Silverphonic Records",0.885,0.701,9,-7.329,0,0.05,0.00511,0.012,0.154,0.921,126.871,4
spotify:track:61MfGE3iEbkzPEaIDVRrTP,"Joystick","20th Century Masters: The Millennium Collection: Best Of The Dazz Band","Dazz Band",2001-01-01,323626,39,false,31hicjaaokhqtsrnskekv63koo3m,2025-04-01T01:00:21Z,"funk,post-disco","Motown",0.868,0.946,4,-5.132,0,0.0468,0.309,0.0228,0.159,0.975,128.001,4
spotify:track:4KCbPEAMzqSHY6ZFWX7Wu6,"Party Right Here","20th Century Masters: The Millennium Collection: Best Of The Dazz Band","Dazz Band",2001-01-01,244106,15,false,31hicjaaokhqtsrnskekv63koo3m,2025-04-01T01:00:21Z,"funk,post-disco","Motown",0.803,0.91,9,-5.317,1,0.0529,0.0491,0.105,0.234,0.584,106.34,4
spotify:track:1iVHMB13kb2VCTountGZoI,"Heartbeat - Club Version Remastered","Journey Into Paradise: The Larry Levan Story","Taana Gardner",2006-04-11,590640,0,false,31hicjaaokhqtsrnskekv63koo3m,2025-04-01T01:00:21Z,"post-disco,chicago house","Rhino",0.798,0.794,6,-5.584,0,0.179,0.139,0.000182,0.127,0.835,97.153,4
spotify:track:0BENmTpG1SvTxTvoF3RNzq,"Planet Rock - Rerecorded Old School Classic Mix","Planet Rock Remixes Vol. 1 (1996 Version)","Afrika Bambaataa & The Soulsonic Force",2007-03-01,454626,11,false,31hicjaaokhqtsrnskekv63koo3m,2025-04-01T01:00:21Z,"miami bass,old school hip hop,freestyle","Essential Media Group",0.86,0.912,7,-6.703,1,0.147,0.0398,0.0000034,0.126,0.649,126.478,4
spotify:track:0yZ6MG23J6rH76Oue7J8bH,"Looking For The Perfect Beat - 12"" Vocal Version Remastered","Rhino Hi-Five: Afrika Bambaataa","Afrika Bambaataa;Afrika Bambaataa & The Soulsonic Force",2006-06-20,418066,0,false,31hicjaaokhqtsrnskekv63koo3m,2025-04-01T01:00:21Z,"miami bass,old school hip hop,funk melody,east coast hip hop,freestyle","Rhino",0.842,0.979,0,-4.3,1,0.0715,0.0689,0.000617,0.147,0.77,119.557,4
spotify:track:1lB2kyB5h9ceZ388GBfC9L,"Jam On It","Jam On Revenge","Newcleus",1984,383600,52,false,31hicjaaokhqtsrnskekv63koo3m,2025-04-01T01:00:21Z,"miami bass,old school hip hop,hip house,freestyle","Jam-On Recordings",0.804,0.782,6,-6.224,0,0.0606,0.00302,0.0872,0.662,0.346,116.806,4
spotify:track:0063zxcePOs62DHtHiCKUi,"Rapper's Delight - Live","Hip Hop Classics","The Sugarhill Gang",2008-09-01,170960,13,false,31hicjaaokhqtsrnskekv63koo3m,2025-04-01T01:00:21Z,"old school hip hop,funk","X-Ray Records",0.677,0.987,7,-3.72,1,0.211,0.0443,0,0.397,0.407,114.166,4
spotify:track:0yT3JBkQzJNaS2mCXSPI8Z,"I Can't Go for That (No Can Do)","The Very Best of Daryl Hall / John Oates","Daryl Hall & John Oates",2001-01-23,309266,45,false,31hicjaaokhqtsrnskekv63koo3m,2025-04-01T01:00:21Z,"yacht rock,soft rock","RCA Records Label",0.873,0.373,0,-12.685,0,0.0464,0.0213,0.0000243,0.0497,0.972,110.67,4
spotify:track:6Lphpr9Z6H282Sguw0dUWa,"Le Freak - Edit","Les Plus Grands Success De Chic - Chic's Greatest Hits","CHIC",2005-11-22,215693,61,false,31hicjaaokhqtsrnskekv63koo3m,2025-04-01T01:00:21Z,"disco,funk","Rhino Atlantic",0.832,0.553,7,-13.705,1,0.0487,0.0422,0.00356,0.249,0.89,119.825,4
spotify:track:0G3fbPbE1vGeABDEZF0jeG,"Good Times","Risqué","CHIC",1979-07-30,495400,67,false,31hicjaaokhqtsrnskekv63koo3m,2025-04-01T01:00:21Z,"disco,funk","Atlantic Records",0.87,0.657,2,-7.32,1,0.0522,0.149,0.0102,0.053,0.893,110.596,4
spotify:track:1NuydyggTowLmHFV3swDue,"Do It To The Music","G.I. Disco compiled and mixed by Kalle Kuts and Daniel W. Best","Raw Silk",2010-10-04,390551,0,false,31hicjaaokhqtsrnskekv63koo3m,2025-04-01T01:00:21Z,"post-disco,disco","BBE",0.763,0.632,1,-7.105,1,0.0836,0.111,0.00145,0.333,0.717,115.352,4
spotify:track:1VKPiQJnV15flF5B3zeocD,"You Dropped A Bomb On Me","The Gap Band IV","The Gap Band",1982-01-01,312906,63,false,31hicjaaokhqtsrnskekv63koo3m,2025-04-01T01:00:21Z,"funk,quiet storm","Island Mercury",0.786,0.627,9,-11.177,1,0.0339,0.00737,0.00186,0.181,0.831,126.461,4
spotify:track:1MOl6vGP299N8vd4zaHMTE,"Outstanding - Original 12"" Mix","The Best Of The Gap Band","The Gap Band",1994-01-01,376640,0,false,31hicjaaokhqtsrnskekv63koo3m,2025-04-01T01:00:21Z,"funk,quiet storm","Island Def Jam",0.797,0.504,6,-10.533,1,0.0411,0.406,0.015,0.0313,0.849,98.871,4
spotify:track:5frNlTNNuWYnpIp0Expenu,"Early In The Morning - 12"" Version","The Best Of The Gap Band","The Gap Band",1994-01-01,458506,0,false,31hicjaaokhqtsrnskekv63koo3m,2025-04-01T01:00:21Z,"funk,quiet storm","Island Def Jam",0.702,0.767,4,-11.5,0,0.0428,0.0461,0.00858,0.921,0.794,121.404,4
spotify:track:3I4sNbQDENu86pwcuEcqfX,"Party Train","The Best Of The Gap Band","The Gap Band",1994-01-01,342573,0,false,31hicjaaokhqtsrnskekv63koo3m,2025-04-01T01:00:21Z,"funk,quiet storm","Island Def Jam",0.744,0.671,4,-11.611,0,0.0664,0.0881,0.000657,0.627,0.834,126.758,4
spotify:track:6JmI8SpUHoQ4yveHLjTrko,"Take Your Time (Do It Right)","Best Of","The S.O.S Band",2011-01-01,457880,0,false,31hicjaaokhqtsrnskekv63koo3m,2025-04-01T01:00:21Z,"post-disco,quiet storm,funk","Clarence Avant Catalog",0.868,0.717,4,-8.533,0,0.0613,0.0265,0.011,0.0835,0.903,118.951,4
spotify:track:1482bMc9Tn0uQxsJqV7eSP,"Just Be Good To Me","On The Rise","The S.O.S Band",1983-01-01,549000,55,false,31hicjaaokhqtsrnskekv63koo3m,2025-04-01T01:00:21Z,"post-disco,quiet storm,funk","Clarence Avant Catalog",0.608,0.909,2,-11.065,1,0.0315,0.021,0.125,0.0795,0.856,100.872,4
spotify:track:3IgFlNvakXMAbc02kv6RAl,"The Finest","Best Of","The S.O.S Band",2011-01-01,366120,0,false,31hicjaaokhqtsrnskekv63koo3m,2025-04-01T01:00:21Z,"post-disco,quiet storm,funk","Clarence Avant Catalog",0.879,0.693,6,-8.498,1,0.0762,0.325,0.0122,0.0718,0.807,109.664,4
spotify:track:5E9rrxcRKSRFJ29wfVIRaF,"Happy","Surface","Surface",1987,237866,0,false,31hicjaaokhqtsrnskekv63koo3m,2025-04-01T01:00:21Z,"quiet storm,new jack swing","Columbia",0.78,0.393,7,-16.902,1,0.124,0.128,0.00151,0.044,0.729,98.033,4
spotify:track:4j4DvQX1noKrAULvMLpnYO,"Push Push","Super Hits","Brick",1988-08-02,222640,20,false,31hicjaaokhqtsrnskekv63koo3m,2025-04-01T01:00:21Z,"funk","Epic/Legacy",0.89,0.775,5,-7.271,0,0.0415,0.0296,0.0222,0.0254,0.961,105.335,4
spotify:track:7u9AUwRpFRvmi9oq4HZqC2,"Brick House - Extended Version","20th Century Masters: The Millennium Collection: Best Of The Commodores","Commodores",1999-01-01,225533,23,false,31hicjaaokhqtsrnskekv63koo3m,2025-04-01T01:00:21Z,"motown,classic soul","Motown",0.842,0.887,7,-6.336,1,0.0699,0.0437,0.00113,0.0384,0.676,107.732,4
spotify:track:1ngH7sRyID6dr51y6K8AmF,"I'm In Love","Love Come Down: The Best of Evelyn ""Champagne"" King","Evelyn ""Champagne"" King",1993-03-22,301493,52,false,31hicjaaokhqtsrnskekv63koo3m,2025-04-01T01:00:21Z,"post-disco,disco,funk","RCA Records Label",0.912,0.392,5,-12.01,0,0.0916,0.0372,0.198,0.27,0.791,114.929,4
spotify:track:4A2vDwPwcqBWIuMIJbEsAH,"Love Come Down - 12"" Version","Platinum & Gold Collection","Evelyn ""Champagne"" King",2003-05-05,374426,20,false,31hicjaaokhqtsrnskekv63koo3m,2025-04-01T01:00:21Z,"post-disco,disco,funk","RCA/BMG Heritage",0.85,0.53,3,-10.834,0,0.0384,0.00269,0.0000121,0.0504,0.893,115.538,4
spotify:track:7LoGfKBAaOl0nxhodJ1240,"Word Up","Word Up","Cameo",1986-01-01,260000,64,false,31hicjaaokhqtsrnskekv63koo3m,2025-04-01T01:00:21Z,"funk","Island Mercury",0.878,0.84,6,-13.105,0,0.064,0.0421,0.0035,0.053,0.882,116.222,4
spotify:track:3BtZRkwFMSGQXWNqpBlTzc,"Candy","The Best Of Cameo","Cameo",1993-05-18,342600,0,false,31hicjaaokhqtsrnskekv63koo3m,2025-04-01T01:00:21Z,"funk","Universal/Island Def Jam",0.705,0.782,7,-9.834,1,0.0459,0.139,0.00000667,0.149,0.847,110.244,4
spotify:track:3wF4S7zKO5HEwZM4qW9S82,"Mama Used to Say (Rerecorded)","The Best of Junior - Mama Used to Say (Rerecorded Version)","Junior",2002-03-01,245133,26,false,31hicjaaokhqtsrnskekv63koo3m,2025-04-01T01:00:21Z,"sertanejo gospel","K-Tel",0.751,0.417,6,-11.966,0,0.0349,0.00999,0.000773,0.177,0.527,110.314,4
spotify:track:57b0v2TB75b3ON5g5e8Q6N,"I'll Be Good","Street Called Desire ... And More","Rene & Angela",1997-01-01,321066,0,false,31hicjaaokhqtsrnskekv63koo3m,2025-04-01T01:00:21Z,"quiet storm,post-disco","Island Def Jam",0.829,0.65,10,-9.691,1,0.06,0.136,0.0000215,0.15,0.751,108.398,4
spotify:track:6IWkdrBY2O0vfQdfEKGUdF,"September","The Best Of Earth, Wind & Fire Vol.1","Earth, Wind & Fire",1978-11-23,215093,0,false,31hicjaaokhqtsrnskekv63koo3m,2025-04-01T01:00:21Z,"funk,disco","Columbia/Legacy",0.693,0.825,9,-7.308,1,0.0301,0.162,0.00144,0.251,0.981,125.892,4
spotify:track:4ZXxmmsp1Nd7ejbHs2BNBG,"Let's Groove","The Best Of Earth, Wind & Fire-Vol. II","Earth, Wind & Fire",1988-05-30,334866,0,false,31hicjaaokhqtsrnskekv63koo3m,2025-04-01T01:00:21Z,"funk,disco","Columbia/Legacy",0.877,0.557,11,-10.79,0,0.0723,0.0628,0.0023,0.145,0.88,125.543,4
spotify:track:26VrotMHCu4m9I1rbHB1GN,"Shining Star","Greatest Hits","Earth, Wind & Fire",1998-11-03,170106,0,false,31hicjaaokhqtsrnskekv63koo3m,2025-04-01T01:00:21Z,"funk,disco","Columbia/Legacy",0.678,0.787,9,-9.045,1,0.0582,0.453,0.00271,0.199,0.808,102.513,4
spotify:track:6pq1MyRGsTX6KbEJdfsohs,"I Like What You're Doing To Me","I Like What You're Doing To Me","Young and Company",1980,263853,0,false,31hicjaaokhqtsrnskekv63koo3m,2025-04-01T01:00:21Z,"post-disco,funk","That's Right classic cd's",0.77,0.769,11,-8.756,0,0.0509,0.35,0.548,0.0821,0.858,118.743,4
spotify:track:5Ftiez8SeofWdg8cqqiEmm,"Disco Nights (Rock Freak) (Edit) - Single Remix","Dance Vault Mixes - Disco Nights (Rock Freak)","G.Q.",2006-04-18,239320,24,false,31hicjaaokhqtsrnskekv63koo3m,2025-04-01T01:00:21Z,"disco,post-disco","Arista",0.749,0.882,5,-4.379,0,0.0618,0.117,0.000697,0.11,0.921,122.974,4
spotify:track:2hn1lerQkPC6fOI0QFjr8r,"Juicy Fruit","R&B: From Doo-Wop To Hip-Hop","Mtume",1999-10-08,272400,46,false,31hicjaaokhqtsrnskekv63koo3m,2025-04-01T01:00:21Z,"post-disco,funk,quiet storm","Sony Music Entertainment",0.88,0.527,4,-8.122,1,0.133,0.15,0.0447,0.0288,0.789,96.863,4
spotify:track:6gtimZuZbFWAO3n1pCBaDi,"I'll Do Anything For You","Link Up To Ethiopia","Denroy Morgan",2011-07-05,308373,0,false,31hicjaaokhqtsrnskekv63koo3m,2025-04-01T01:00:21Z,"post-disco","ASAPH / VP Records",0.84,0.898,11,-3.799,0,0.165,0.147,0.000312,0.0607,0.705,114.599,4
spotify:track:3y0WcZjvgK1t8GdMtuNfOk,"All Night Long","20th Century Masters: The Millennium Collection: Best of The Mary Jane Girls","Mary Jane Girls",2001-01-01,348293,0,false,31hicjaaokhqtsrnskekv63koo3m,2025-04-01T01:00:21Z,"post-disco,funk","Universal Strategic Marketing",0.764,0.48,7,-9.23,1,0.237,0.179,0.0134,0.0689,0.727,95.002,4
spotify:track:3i749PIamGcEauiV4s1ZN4,"In My House","Motown: The Complete No. 1's","Mary Jane Girls",2008-01-01,236840,0,false,31hicjaaokhqtsrnskekv63koo3m,2025-04-01T01:00:21Z,"post-disco,funk","Universal/Island Def Jam",0.806,0.739,1,-6.764,1,0.0329,0.0463,0.0307,0.0487,0.959,116.712,4
spotify:track:6NNIHshSAVQ1SM2NbTVn6a,"Candy Man","20th Century Masters: The Millennium Collection: Best of The Mary Jane Girls","Mary Jane Girls",2001-01-01,279373,0,false,31hicjaaokhqtsrnskekv63koo3m,2025-04-01T01:00:21Z,"post-disco,funk","Universal Strategic Marketing",0.844,0.6,3,-5.283,1,0.0425,0.0205,0.094,0.0328,0.965,120.466,4
spotify:track:7fYozX6MaNmfHoGW7bFTdK,"Do You Love What You Feel","Masterjam","Rufus & Chaka Khan",1979-01-01,269306,55,false,31hicjaaokhqtsrnskekv63koo3m,2025-04-01T01:00:21Z,"funk","Geffen*",0.808,0.773,11,-11.4,1,0.0365,0.022,0.0436,0.654,0.893,119.944,4
spotify:track:2fycu38G0FXDv0890YVS2M,"Don't Stop The Rock","Don't Stop The Rock","Freestyle",1997,332693,42,false,31hicjaaokhqtsrnskekv63koo3m,2025-04-01T01:00:21Z,"funk melody,miami bass","Essential Media Group",0.951,0.736,10,-8.286,1,0.0599,0.098,0.000217,0.307,0.558,121.075,4
spotify:track:7gI0VA6wdJ4cGMeYk3W8z6,"Pack Jam - 12' Remix Remastered","The Tommy Boy Story, Vol. 1 [Digital Version]","Jonzun Crew",2006-04-11,314386,0,false,31hicjaaokhqtsrnskekv63koo3m,2025-04-01T01:00:21Z,"miami bass,electro","Rhino",0.811,0.981,1,-4.837,1,0.0825,0.00253,0.619,0.217,0.315,118.898,4
spotify:track:3FeQweSLSbVkLcPDZuTiGX,"White Horse","Good Vibes - The Very Best of Laid Back","Laid Back",2008-10-06,237320,43,false,31hicjaaokhqtsrnskekv63koo3m,2025-04-01T01:00:21Z,"","Parlophone Denmark",0.812,0.554,7,-10.978,1,0.0567,0.00254,0.698,0.0558,0.785,123.289,4
spotify:track:2JcQg9ZBSaxquKk2DOZBJn,"We Got the Funk - Remastered 12"" U.S. Re-edit Version","Journey Into Paradise: The Larry Levan Story","Positive Force",2006-04-11,435373,0,false,31hicjaaokhqtsrnskekv63koo3m,2025-04-01T01:00:21Z,"funk,disco,post-disco","Rhino",0.735,0.941,2,-5.048,0,0.0482,0.417,0.00746,0.352,0.898,111.822,4
spotify:track:2JXK3ELYkEcGTE4dsO4kYq,"Love's Comin' At Ya - 2004 Digital Remaster","Other Side Of The Rainbow","Melba Moore",2010-01-01,343520,48,false,31hicjaaokhqtsrnskekv63koo3m,2025-04-01T01:00:21Z,"post-disco,disco,funk","Capitol Records",0.911,0.476,1,-10.827,0,0.0927,0.0278,0.000364,0.104,0.62,114.408,4
spotify:track:5ibWieVbMU8tDj1haYvsQy,"It Must Be Magic","20th Century Masters: The Millennium Collection: Best of Teena Marie","Teena Marie",2001-01-01,369573,0,false,31hicjaaokhqtsrnskekv63koo3m,2025-04-01T01:00:21Z,"quiet storm,post-disco","Universal Music Spain S.L.",0.841,0.866,11,-7.343,0,0.0551,0.216,0.00000261,0.105,0.917,119.621,4
spotify:track:29tEDJJxdgeWsMGxNliI7M,"Let The Music Play","Download Now - The '80s","Shannon",2010-06-01,359200,0,false,31hicjaaokhqtsrnskekv63koo3m,2025-04-01T01:00:21Z,"freestyle,hi-nrg,post-disco","Download Classics",0.536,0.843,5,-7.248,0,0.0371,0.0196,0.00087,0.237,0.797,114.898,4
spotify:track:79ynnbIoeTY83kAGNycCth,"Super Freak","The Ultimate Collection: Rick James","Rick James",1997-03-25,204133,0,false,31hicjaaokhqtsrnskekv63koo3m,2025-04-01T01:00:21Z,"funk,motown,disco","Universal/Island Def Jam",0.866,0.74,9,-7.386,0,0.0616,0.0639,0,0.0405,0.961,132.517,4
spotify:track:6DX92TuMqOKe0h9vLJIPeg,"Give It To Me Baby","The Ultimate Collection: Rick James","Rick James",1997-03-25,247133,0,false,31hicjaaokhqtsrnskekv63koo3m,2025-04-01T01:00:21Z,"funk,motown,disco","Universal/Island Def Jam",0.775,0.726,11,-6.731,1,0.0495,0.0529,0.000407,0.095,0.943,119.891,4
spotify:track:5sLySQaDqXorRVhHbAu9eA,"Boogie Shoes","Boogie Nights #2 (More Music From The Original Motion Picture)","KC & The Sunshine Band",1998-01-01,129573,0,false,31hicjaaokhqtsrnskekv63koo3m,2025-04-01T01:00:21Z,"disco","Capitol Records",0.927,0.933,4,-4.269,1,0.0486,0.521,0.278,0.11,0.967,119.542,4
spotify:track:20zOIoex7YchUh87d8tlvg,"Boogie Nights","Too Hot To Handle","Heatwave",1976,303533,0,false,31hicjaaokhqtsrnskekv63koo3m,2025-04-01T01:00:21Z,"disco,funk","Epic",0.62,0.54,4,-14.636,0,0.0422,0.349,0.0000253,0.187,0.759,118.823,4
spotify:track:4msPRe3NEDVL6dsBcE7AhL,"Get Down Tonight","KC & the Sunshine Band... and More","KC & The Sunshine Band",1994-12-13,317106,50,false,31hicjaaokhqtsrnskekv63koo3m,2025-04-01T01:00:21Z,"disco","Rhino",0.669,0.754,10,-12.223,1,0.0279,0.134,0.0069,0.46,0.906,112.683,4
spotify:track:6q4WNR2hLjy57WkJ6kdUci,"That's the Way I Like It","Shake Your Booty","KC & The Sunshine Band",2006-12-05,185173,0,false,31hicjaaokhqtsrnskekv63koo3m,2025-04-01T01:00:21Z,"disco","Synergie OMP",0.679,0.815,5,-12.347,0,0.0348,0.179,0.00056,0.349,0.93,108.7,4
spotify:track:5uuJruktM9fMdN9Va0DUMl,"Play That Funky Music","Wild Cherry","Wild Cherry",1976,300000,74,false,31hicjaaokhqtsrnskekv63koo3m,2025-04-01T01:00:21Z,"funk rock","Epic",0.814,0.672,9,-12.068,1,0.0619,0.0435,0,0.061,0.933,109.394,4
spotify:track:4ZfQSP0oWb8LvxrTm8fTGR,"Pick Up the Pieces - Single Version; 45 Version","Pick Up The Pieces / Work To Do [Digital 45]","Average White Band",1975,185493,14,false,31hicjaaokhqtsrnskekv63koo3m,2025-04-01T01:00:21Z,"funk","Rhino Atlantic",0.759,0.804,10,-8.203,0,0.0399,0.0551,0.175,0.0344,0.933,107.475,4
spotify:track:1DmdXg5mmFOvlRvHYPjRU8,"Strawberry Letter 23","Jackie Brown (Music from the Miramax Motion Picture)","The Brothers Johnson",1997-12-09,298160,0,false,31hicjaaokhqtsrnskekv63koo3m,2025-04-01T01:00:21Z,"funk,disco","Maverick",0.73,0.693,7,-9.88,0,0.053,0.291,0.0138,0.139,0.78,90.978,4
spotify:track:5FNOqpDkD6jxumnoRQ9kpI,"Jungle Boogie","Pulp Fiction","Kool & The Gang",2009-01-01,185733,0,false,31hicjaaokhqtsrnskekv63koo3m,2025-04-01T01:00:21Z,"disco,funk","Geffen*",0.773,0.871,0,-9.388,1,0.122,0.0836,0.00000801,0.33,0.714,106.441,4
spotify:track:4i18wvwDmjFydOHBSOGj5N,"Lovely Day - Remastered","Lovely Day (Remastered)","Bill Withers",1977,253000,0,false,31hicjaaokhqtsrnskekv63koo3m,2025-04-01T01:00:21Z,"soul","Music World Music LLC",0.677,0.756,9,-5.444,1,0.0352,0.143,0.000226,0.0947,0.76,97.86,4
spotify:track:6tdp8sdXrXlPV6AZZN2PE8,"Get Down On It - Single Version","Number 1's","Kool & The Gang",2007-01-01,213533,0,false,31hicjaaokhqtsrnskekv63koo3m,2025-04-01T01:00:21Z,"disco,funk","Universal Strategic Marketing",0.839,0.629,7,-7.835,1,0.0539,0.201,0.0000163,0.046,0.969,110.877,4
spotify:track:0tHN3V3BN9W7tPoSCttQZc,"Get Off","Roll Bounce Soundtrack","Foxy",2007-10-09,340186,0,false,31hicjaaokhqtsrnskekv63koo3m,2025-04-01T01:00:21Z,"disco","Music World Music LLC",0.927,0.547,9,-8.132,1,0.191,0.00919,0.00093,0.0735,0.965,130.772,4
spotify:track:1JyaAeaXVFnVv5ikwWQVQ4,"Electric Boogie","Carousel","Marcia Griffiths",1990-03-06,242773,43,false,31hicjaaokhqtsrnskekv63koo3m,2025-04-01T01:00:21Z,"rocksteady,lovers rock,reggae,roots reggae,ragga","Island Records",0.769,0.898,1,-9.347,1,0.0355,0.116,0.000648,0.261,0.968,108.141,4
spotify:track:4KhOfYSg4ULCbTjCLj3EB2,"Give Me Tonight","The Best Is Yet To Come","Shannon",2000-12-01,233493,0,false,31hicjaaokhqtsrnskekv63koo3m,2025-04-01T01:00:21Z,"freestyle,hi-nrg,post-disco","Contagious Records",0.697,0.979,9,-7.262,0,0.0538,0.0199,0.0127,0.317,0.583,119.083,4
spotify:track:3BCpsMJqenZYUVaM7hLLvI,"Heaven Must Be Missing an Angel Re-Recorded / Remastered)","I Love The 70s","Tavares",2011-05-25,399705,0,false,31hicjaaokhqtsrnskekv63koo3m,2025-04-01T01:00:21Z,"disco,philly soul","Goldenlane Records",0.655,0.762,0,-8.891,1,0.0317,0.000444,0,0.158,0.961,116.009,4
spotify:track:67zBpYmmJTRy89aH11vRQF,"A Penny for Your Thoughts","The Big Show Vol. 1","Tavares",2007-06-06,258079,2,false,31hicjaaokhqtsrnskekv63koo3m,2025-04-01T01:00:21Z,"disco,philly soul","Game Entertainment",0.486,0.48,0,-6.866,1,0.0603,0.752,0,0.343,0.38,127.804,4
spotify:track:5DEy8wVNCdJdAGNsOWxmVQ,"It Only Takes A Minute - Remastered 2004","Anthology","Tavares",2004-01-01,243240,36,false,31hicjaaokhqtsrnskekv63koo3m,2025-04-01T01:00:21Z,"disco,philly soul","The Right Stuff",0.649,0.7,5,-8.43,0,0.0312,0.167,0.0000686,0.382,0.972,122.697,4
spotify:track:1tJtx09XQnxaynZLOaTNfZ,"Car Wash","Car Wash","Rose Royce",2007-01-01,312354,46,false,31hicjaaokhqtsrnskekv63koo3m,2025-04-01T01:00:21Z,"quiet storm,disco,classic soul","Goldenlane",0.806,0.706,0,-6.044,1,0.0909,0.028,0,0.07,0.608,112.985,4
spotify:track:0u2CGItUO2jYEiFaXD7n5S,"Wishing on a Star","In Full Bloom","Rose Royce",1977,291760,62,false,31hicjaaokhqtsrnskekv63koo3m,2025-04-01T01:00:21Z,"quiet storm,disco,classic soul","Rhino/Warner Records",0.335,0.422,5,-15.172,0,0.0519,0.716,0.0000403,0.0455,0.553,97.66,4
spotify:track:0HpxfAve6g1HdabSVMCZpZ,"I Wanna Get Next To You","Car Wash","Rose Royce",2007-01-01,242200,25,false,31hicjaaokhqtsrnskekv63koo3m,2025-04-01T01:00:21Z,"quiet storm,disco,classic soul","Goldenlane",0.7,0.416,0,-10.459,1,0.0307,0.383,0.000106,0.0892,0.464,130.067,4
spotify:track:2CMBjJ59FVIVDTeJvlkJCz,"Saturday Love","High Priority","Cherrelle;Alexander O'Neal",1985-01-01,390600,55,false,31hicjaaokhqtsrnskekv63koo3m,2025-04-01T01:00:21Z,"post-disco,new jack swing,quiet storm,soul","Clarence Avant Catalog",0.782,0.477,11,-14.22,1,0.0623,0.104,0.000138,0.0629,0.414,115.725,4
spotify:track:2ChOjxRhuxQwXnSLc1isiu,"I Didn't Mean To Turn You On","Best Of","Cherrelle",2011-01-01,423426,28,false,31hicjaaokhqtsrnskekv63koo3m,2025-04-01T01:00:21Z,"post-disco,new jack swing,quiet storm","Clarence Avant Catalog",0.77,0.879,9,-7.137,1,0.0622,0.0554,0.0331,0.556,0.712,120.249,4
spotify:track:7lL2lMWNtzOcf5HnEudNgn,"Everyday People","R&B: From Doo-Wop To Hip-Hop","Sly & The Family Stone",1999-10-08,139506,55,false,31hicjaaokhqtsrnskekv63koo3m,2025-04-01T01:00:21Z,"funk,motown,classic soul,funk rock,soul","Sony Music Entertainment",0.813,0.619,7,-8.203,1,0.0294,0.245,0.0151,0.113,0.774,114.58,4
spotify:track:2CqB4zujTn7BpO6mC3DLET,"Superfly - Remastered","Future Shock","Curtis Mayfield",2006-03-04,233760,0,false,31hicjaaokhqtsrnskekv63koo3m,2025-04-01T01:00:21Z,"classic soul,soul,funk,motown","MusicCom",0.714,0.507,2,-13.799,1,0.171,0.748,0.00376,0.102,0.841,120.002,4
spotify:track:01gDLZsi0j5fWC28FLPNO8,"Move on Up - Extended Version","Curtis (Expanded Edition)","Curtis Mayfield",1970,535333,56,false,31hicjaaokhqtsrnskekv63koo3m,2025-04-01T01:00:21Z,"classic soul,soul,funk,motown","Rhino",0.584,0.975,11,-6.534,0,0.0651,0.141,0.501,0.101,0.876,138.341,4
spotify:track:0qKCm8yeHoRJTpryDDQ9TT,"Tighten Up","Atlantic Top 60: Sweat-Soaked Soul Classics","Archie Bell & The Drells",2007-10-30,191013,34,false,31hicjaaokhqtsrnskekv63koo3m,2025-04-01T01:00:21Z,"philly soul,northern soul,classic soul,motown,soul","Rhino Atlantic",0.624,0.695,11,-6.365,1,0.185,0.289,0.000259,0.144,0.787,122.938,4
spotify:track:3pbtBomO4Zt5gGiqsYeiBH,"Upside Down","Diana","Diana Ross",1980-05-22,245600,84,false,31hicjaaokhqtsrnskekv63koo3m,2025-04-01T01:00:21Z,"motown,disco","UNI/MOTOWN",0.873,0.855,5,-8.559,0,0.0615,0.179,0.0285,0.0377,0.884,107.868,4
spotify:track:0xBUip8pf80321XF6jDYqx,"Last Dance - Single Version","The Journey: The Very Best Of Donna Summer","Donna Summer",2003-01-01,198680,0,false,31hicjaaokhqtsrnskekv63koo3m,2025-04-01T01:00:21Z,"disco,hi-nrg","Universal Strategic Marketing",0.53,0.829,3,-6.741,1,0.0558,0.273,0.000255,0.354,0.285,125.746,4
spotify:track:424pNN5XqYHje4vNpuHgBT,"Hot Stuff","The Dance Collection","Donna Summer",1987-01-01,400440,47,false,31hicjaaokhqtsrnskekv63koo3m,2025-04-01T01:00:21Z,"disco,hi-nrg","Island Mercury",0.797,0.737,0,-13.87,1,0.0341,0.00258,0.133,0.0404,0.964,120.495,4
spotify:track:0K5SvPs0xOr6ZkCwtkMeWa,"I Want Your Love","The Very Best of Chic","CHIC",2000-03-03,415466,31,false,31hicjaaokhqtsrnskekv63koo3m,2025-04-01T01:00:21Z,"disco,funk","Rhino Atlantic",0.706,0.723,9,-9.235,0,0.0382,0.0232,0.0444,0.0994,0.937,113.126,4
spotify:track:0vDeTWoAooavG2zcCKHmI4,"More Than A Woman (2007 Remastered Saturday Night Fever LP Version)","Saturday Night Fever [The Original Movie Soundtrack]","Bee Gees",1978-01-05,197573,0,false,31hicjaaokhqtsrnskekv63koo3m,2025-04-01T01:00:21Z,"disco","Bee Gees/Reprise",0.6,0.708,7,-6.249,1,0.038,0.16,0.000139,0.446,0.693,106.167,4
spotify:track:12LyiOOvhDZrio6pvX8I47,"Celebration","Number 1's","Kool & The Gang",2007-01-01,223880,0,false,31hicjaaokhqtsrnskekv63koo3m,2025-04-01T01:00:21Z,"disco,funk","Universal Strategic Marketing",0.796,0.849,1,-5.89,1,0.0561,0.0458,0.0143,0.083,0.936,121.284,4
spotify:track:7qGUlILsQ3cedzqL3YE3Aw,"Ebony Eyes","The Very Best of the Stylistics ... And More!","The Stylistics",2005-11-08,138893,0,false,31hicjaaokhqtsrnskekv63koo3m,2025-04-01T01:00:21Z,"philly soul,classic soul,motown,quiet storm","Amherst Records",0.774,0.497,11,-9.253,1,0.0299,0.729,0.000169,0.0843,0.968,109.94,4
spotify:track:75D5cH21X8jAVdRKuUR70B,"Didn't I Blow Your Mind This Time","Jackie Brown (Music from the Miramax Motion Picture)","The Delfonics",1997-12-09,200933,0,false,31hicjaaokhqtsrnskekv63koo3m,2025-04-01T01:00:21Z,"philly soul,classic soul,motown","Maverick",0.53,0.454,9,-10.265,1,0.028,0.714,0.00000857,0.107,0.289,140.586,4
spotify:track:74JdR9aXE6I74oS1BVRsvb,"O-o-h Child","The First Family of Soul: The Best of The Five Stairsteps","The Five Stairsteps",2001-11-06,197160,63,false,31hicjaaokhqtsrnskekv63koo3m,2025-04-01T01:00:21Z,"","Buddha Records",0.488,0.754,5,-7.95,0,0.0381,0.00154,0.0000242,0.678,0.664,88.368,4
spotify:track:6SaOWdixuJbg010zPmwjOw,"The Payback","Music From The Motion Picture Lock, Stock And Two Smoking Barrels","James Brown",1998,447373,0,false,31hicjaaokhqtsrnskekv63koo3m,2025-04-01T01:00:21Z,"funk,soul,motown,classic soul","Rhino/Warner Records",0.87,0.797,10,-6.781,0,0.216,0.138,0.000127,0.194,0.749,97.871,4
spotify:track:2BEeIp5vfO4rR2Qs5vkTLL,"Pillow Talk","Pillow Talk: The Sensuous Sounds Of Sylvia","Sylvia",1996-08-20,265600,41,false,31hicjaaokhqtsrnskekv63koo3m,2025-04-01T01:00:21Z,"classic soul","Rhino",0.719,0.572,2,-10.666,1,0.0356,0.00796,0.0000247,0.0946,0.676,109.515,4
spotify:track:63SJp0VNqLMDTRScy6tEBp,"Just the Two of Us","The Best Of Bill Withers: Lean On Me","Grover Washington, Jr.;Bill Withers",2000,236600,0,false,31hicjaaokhqtsrnskekv63koo3m,2025-04-01T01:00:21Z,"soul jazz,smooth jazz,soul","Columbia",0.802,0.443,10,-11.076,0,0.0717,0.633,0.286,0.0906,0.572,95.817,4
spotify:track:6EOdY7I7Xm1vPP1cyaGbWZ,"Ain't No Stoppin' Us Now","Boogie Nights / Music From The Original Motion Picture","McFadden & Whitehead",1997-01-01,220866,0,false,31hicjaaokhqtsrnskekv63koo3m,2025-04-01T01:00:21Z,"philly soul,disco","Capitol Records",0.747,0.701,1,-7.7,1,0.0453,0.129,0,0.084,0.87,112.965,4
spotify:track:1uZ1PuS3C9ynWLC8DIZREv,"Remind Me","Rhino Hi-Five: Patrice Rushen","Patrice Rushen",2007-01-30,316640,0,false,31hicjaaokhqtsrnskekv63koo3m,2025-04-01T01:00:21Z,"post-disco,jazz funk,disco,funk","Rhino/Elektra",0.785,0.587,9,-7.595,0,0.0477,0.23,0.00873,0.0934,0.809,91.076,4
spotify:track:6a899bXlCuViXW2Qs8Rdqo,"Turn Your Love Around","The George Benson Collection","George Benson",1981,230106,64,false,31hicjaaokhqtsrnskekv63koo3m,2025-04-01T01:00:21Z,"smooth jazz,yacht rock,jazz funk,soul jazz","Rhino/Warner Records",0.627,0.385,9,-13.655,0,0.0537,0.334,0,0.182,0.766,205.726,4
spotify:track:2t05zEIDUawO63nuJ6nyHD,"Something Extra","Keep On Runnin'","Black Heat",1975,240253,14,false,31hicjaaokhqtsrnskekv63koo3m,2025-04-01T01:00:21Z,"go-go,funk,breakbeat,jazz funk","Rhino Atlantic",0.411,0.372,3,-13.086,1,0.0255,0.552,0.000273,0.155,0.542,93.717,4
spotify:track:0YvjRtTEvHherms3IOenag,"Up for the Down Stroke (feat. Maceo Parker)","A Blow For Me, A Toot To You (feat. Maceo Parker) [Bonus Track Version]","Fred Wesley & The Horny Horns;Maceo Parker;Mike E. Clark",1977-01-01,549893,17,false,31hicjaaokhqtsrnskekv63koo3m,2025-04-01T01:00:21Z,"funk,jazz funk,soul jazz,acid jazz,horrorcore","Rhino Atlantic",0.659,0.622,6,-8.431,0,0.0932,0.147,0.0297,0.036,0.89,97.023,4
spotify:track:5jQcJ2st6yHWhUBjoDoZPH,"Georgy Porgy","Toto","TOTO",1978-10-10,247592,70,false,31hicjaaokhqtsrnskekv63koo3m,2025-04-01T01:00:21Z,"yacht rock,soft rock","Columbia",0.799,0.783,11,-7.703,0,0.0847,0.0519,0.0213,0.127,0.918,97.207,4
spotify:track:3lgVZfcE2ajm6AfRXGzs74,"On The Radio","Donna Summer: Gold","Donna Summer",2005-01-11,245093,0,false,31hicjaaokhqtsrnskekv63koo3m,2025-04-01T01:00:21Z,"disco,hi-nrg","Polystar",0.724,0.682,4,-7.233,0,0.0353,0.326,0,0.101,0.655,127.566,4
spotify:track:3EG65y2LtxWjfydabHdItb,"Stomp! - Single Version","Strawberry Letter 23: The Very Best Of The Brothers Johnson","The Brothers Johnson",2003-01-01,247133,62,false,31hicjaaokhqtsrnskekv63koo3m,2025-04-01T01:00:21Z,"funk,disco","A&M",0.859,0.782,10,-8.344,1,0.0369,0.154,0.0297,0.0693,0.931,119.518,4
spotify:track:57ejnSQjEEYn7bmxZxdXLA,"Hollywood Swinging - Single Version","Number 1's","Kool & The Gang",2007-01-01,210573,0,false,31hicjaaokhqtsrnskekv63koo3m,2025-04-01T01:00:21Z,"disco,funk","Universal Strategic Marketing",0.612,0.898,6,-8.599,0,0.0836,0.0514,0.0424,0.0702,0.69,111.286,4
spotify:track:2YmbMkIYjt9PlvT44iAjvJ,"Number One - Instrumental Version","Straight From The Heart","Patrice Rushen",1982-01-01,298626,0,false,31hicjaaokhqtsrnskekv63koo3m,2025-04-01T01:00:21Z,"post-disco,jazz funk,disco,funk","Rhino/Elektra",0.791,0.912,5,-7.022,0,0.0364,0.147,0.803,0.028,0.963,114.396,4
spotify:track:2PCPgUVvFDBMDZJBVKMZQI,"Boogie Oogie Oogie - 7"" Single Edit","Original Hits - Seventies","A Taste Of Honey",2009-03-30,220253,0,false,31hicjaaokhqtsrnskekv63koo3m,2025-04-01T01:00:21Z,"disco,boogie,post-disco","Parlophone UK",0.822,0.458,2,-13.778,0,0.06,0.0984,0.000173,0.182,0.947,124.225,4
spotify:track:5VlumAeycmMSVt59b7EA4Q,"I'm Your Boogie Man","Music From The Motion Picture Watchmen","KC & The Sunshine Band",2009-02-24,241920,0,false,31hicjaaokhqtsrnskekv63koo3m,2025-04-01T01:00:21Z,"disco","Reprise",0.765,0.927,5,-5.715,0,0.0399,0.0156,0.00000597,0.0391,0.927,113.326,4
spotify:track:6HxgpJfQIREIQcQCIDg87E,"The Men All Pause - 12"" Version","20th Century Masters: The Millennium Collection: Best Of Klymaxx","Klymaxx;Louil Silas Jr.",2003-01-01,433080,11,false,31hicjaaokhqtsrnskekv63koo3m,2025-04-01T01:00:21Z,"new jack swing,quiet storm","Geffen*",0.795,0.8,7,-7.96,1,0.0496,0.0604,0.324,0.0609,0.704,120.247,4
spotify:track:1k08TgZn3hqQqI3uvD6s53,"Meeting In The Ladies Room - Extended Version","20th Century Masters: The Millennium Collection: Best Of Klymaxx","Klymaxx",2003-01-01,486186,18,false,31hicjaaokhqtsrnskekv63koo3m,2025-04-01T01:00:21Z,"new jack swing,quiet storm","Geffen*",0.805,0.75,11,-9.309,0,0.0505,0.0368,0.526,0.0747,0.95,127.735,4
spotify:track:2UyoRef5vZttyPKfYRAQ4J,"Monster Jam","The Sugar Hill Records Story","Spoonie Gee Meets The Sequence",2009-07-14,530066,12,false,31hicjaaokhqtsrnskekv63koo3m,2025-04-01T01:00:21Z,"","Rhino",0.882,0.914,4,-6.324,0,0.16,0.449,0,0.106,0.81,106.672,4
spotify:track:2MZ7oAQXjSr5cseaBtZRO5,"I Had A Choice","The Greatest Hits","Sun",1998-01-01,278333,33,false,31hicjaaokhqtsrnskekv63koo3m,2025-04-01T01:00:21Z,"","The Right Stuff",0.485,0.457,1,-10.011,0,0.0278,0.573,0.000251,0.0564,0.756,179.324,4
spotify:track:3h5IJ0EzVpkiaoL174GC3M,"Let It Whip","20th Century Masters: The Millennium Collection: Best Of The Dazz Band","Dazz Band",2001-01-01,287000,56,false,31hicjaaokhqtsrnskekv63koo3m,2025-04-01T01:00:21Z,"funk,post-disco","Motown",0.826,0.9,9,-4.383,0,0.0411,0.112,0.00136,0.0875,0.954,132.099,4
spotify:track:3olcbtUJV3xdHIfFjy8owe,"Lady Cab Driver","1999","Prince",1982-10-27,499360,30,false,31hicjaaokhqtsrnskekv63koo3m,2025-04-01T01:00:21Z,"funk,funk rock","Warner Records",0.855,0.502,0,-15.226,1,0.0947,0.0442,0.0898,0.65,0.749,122.645,4
spotify:track:3TiCuJiisBOB9HzKAM6FDG,"Oh Honey","Oh Honey","Delegation",1978-07-17,356200,69,false,31hicjaaokhqtsrnskekv63koo3m,2025-04-01T01:00:21Z,"","State Records",0.734,0.42,2,-12.036,1,0.028,0.188,0.242,0.0826,0.462,94.161,4
spotify:track:3NVeGIbKHnLYeQlBTZHSZX,"I Got My Mind Made Up (You Can Get It Girl)","Instant Funk","Instant Funk",1979,320026,0,false,31hicjaaokhqtsrnskekv63koo3m,2025-04-01T01:00:21Z,"post-disco,philly soul,disco,funk","Salsoul Records",0.726,0.802,5,-10.006,1,0.0609,0.000702,0.0275,0.059,0.803,110.271,4
spotify:track:42GgoubtICX8rSdK71kYSv,"Shake Your Groove Thing","2 Hot!","Peaches & Herb",1978,346133,0,false,31hicjaaokhqtsrnskekv63koo3m,2025-04-01T01:00:21Z,"disco","Universal Records, a Division of UMG Recordings, Inc.",0.863,0.726,9,-6.649,1,0.0494,0.415,0.0299,0.0735,0.93,132.574,4
spotify:track:7xneyw0Gk7iRErb4yWQyL9,"It's A Pleasure","Capitol Rare: Funky Notes From The West Coast (Volume 2)","Sheree Brown",1999-01-01,243733,18,false,31hicjaaokhqtsrnskekv63koo3m,2025-04-01T01:00:21Z,"","Blue Note Records",0.742,0.539,11,-10.127,1,0.0807,0.771,0.000178,0.124,0.837,96.31,4
spotify:track:0QUpBXTOdB4JJyTGFN6dH1,"Jungle Love","Ice Cream Castle","The Time",1984-07-03,333360,53,false,31hicjaaokhqtsrnskekv63koo3m,2025-04-01T01:00:21Z,"funk,funk rock,post-disco","Warner Records",0.761,0.641,8,-13.466,0,0.0445,0.0713,0.0269,0.483,0.822,119.61,4
spotify:track:6ktxc1Nf5UV7hBpkGlmhYJ,"Clear","Clear","Cybotron",1990-01-01,294533,0,false,31hicjaaokhqtsrnskekv63koo3m,2025-04-01T01:00:21Z,"miami bass,acid house,electro","Fantasy Records",0.802,0.642,11,-12.996,0,0.0627,0.000235,0.832,0.46,0.323,125.276,4
spotify:track:4j3nXukQfT5RZTdqgZiKt1,"Love Rollercoaster","Semi-Pro - Original Motion Picture Soundtrack","Ohio Players",2008-01-01,289146,0,false,31hicjaaokhqtsrnskekv63koo3m,2025-04-01T01:00:21Z,"funk,soul,classic soul","Decca Music Group Ltd.",0.6,0.909,0,-6.344,1,0.0904,0.21,0,0.0859,0.48,115.135,4
spotify:track:3r71InaUJdzDczz56sRyUX,"I Can't Wait","Essential 80's. Funky Dance","Nu Shooz",2011-07-15,222412,0,false,31hicjaaokhqtsrnskekv63koo3m,2025-04-01T01:00:21Z,"freestyle","C.R. Digital Contents",0.837,0.752,5,-6.915,0,0.0697,0.0811,0.00404,0.0556,0.91,104.196,4
spotify:track:4WX4YGo77Ci7nqsYuEcvmd,"Street Life","Jackie Brown - Music From The Mirmax Motion Picture","Randy Crawford",2005-05-17,256613,0,false,31hicjaaokhqtsrnskekv63koo3m,2025-04-01T01:00:21Z,"classic soul","Rhino/Warner Bros.",0.658,0.757,10,-8.751,0,0.0455,0.0904,0.0076,0.188,0.808,107.418,4
spotify:track:38NoAPQ4QRwFLEpecbqA6S,"One More Time - 1995 Remaster","We Are Family (1995 Remaster)","Sister Sledge",1995,192693,32,false,31hicjaaokhqtsrnskekv63koo3m,2025-04-01T01:00:21Z,"disco,philly soul","Rhino Atlantic",0.721,0.749,0,-10.781,1,0.0285,0.0652,0.00000449,0.108,0.916,101.695,4
spotify:track:5lAH3vLN4Gc3jDM25cMIgH,"Square Biz","20th Century Masters: The Millennium Collection: Best of Teena Marie","Teena Marie",2001-01-01,385573,0,false,31hicjaaokhqtsrnskekv63koo3m,2025-04-01T01:00:21Z,"quiet storm,post-disco","Motown",0.767,0.925,2,-7.473,1,0.107,0.15,0.000159,0.409,0.732,113.669,4
spotify:track:13xKh7WqwxzEFYhYCJJwHg,"Lovergirl","R&B: From Doo-Wop To Hip-Hop","Teena Marie",1999-10-08,259560,46,false,31hicjaaokhqtsrnskekv63koo3m,2025-04-01T01:00:21Z,"quiet storm,post-disco","Sony Music Entertainment",0.73,0.756,9,-7.509,0,0.0492,0.0469,0.00333,0.235,0.827,123.604,4
spotify:track:55HXB3JqztILTqnFqbp0Gq,"I Need Your Lovin'","20th Century Masters: The Millennium Collection: Best of Teena Marie","Teena Marie",2001-01-01,453866,0,false,31hicjaaokhqtsrnskekv63koo3m,2025-04-01T01:00:21Z,"quiet storm,post-disco","Motown",0.694,0.735,10,-9.263,0,0.0509,0.0233,0.00132,0.0591,0.654,109.806,4
spotify:track:40HZQ2AKfJUiCoUjljYuBQ,"Behind The Groove","20th Century Masters: The Millennium Collection: Best of Teena Marie","Teena Marie",2001-01-01,362693,0,false,31hicjaaokhqtsrnskekv63koo3m,2025-04-01T01:00:21Z,"quiet storm,post-disco","Motown",0.74,0.833,10,-8.986,1,0.134,0.0637,0.000022,0.0937,0.8,115.334,4
spotify:track:1QlogZxaAT35c3HqjJt1JH,"Situation","Upstairs At Eric's","Yazoo",1982,346800,60,false,31hicjaaokhqtsrnskekv63koo3m,2025-04-01T01:00:21Z,"synthpop,new wave","Rhino/Warner Records",0.761,0.413,6,-16.138,1,0.0595,0.0107,0.479,0.0442,0.428,118.727,4
spotify:track:1hTtxkeiixOzVEJhGA1RU7,"I'm Ready - Radio Edit","I'm Ready-Holly Dolly","Kano",2013-04-10,209226,0,false,31hicjaaokhqtsrnskekv63koo3m,2025-04-01T01:00:21Z,"italo disco,hi-nrg,post-disco,italo dance,disco","Fonte Records",0.916,0.761,5,-5.672,1,0.0388,0.181,0.674,0.0745,0.897,126.603,4
spotify:track:4vXAdCoZMQEsK5vyvLx8BS,"Holly Dolly - Edit","I'm Ready-Holly Dolly","Kano",2013-04-10,247337,0,false,31hicjaaokhqtsrnskekv63koo3m,2025-04-01T01:00:21Z,"italo disco,hi-nrg,post-disco,italo dance,disco","Fonte Records",0.891,0.402,7,-12.86,1,0.177,0.0345,0.828,0.0508,0.63,125.56,4
spotify:track:0voXyFBP2b6KkK1oBZqhHh,"Last Night (a Dj Saved My Life) - Original Version","Last Night A Dj Saved My Life","Intodeep",2011-03-04,390533,0,false,31hicjaaokhqtsrnskekv63koo3m,2025-04-01T01:00:21Z,"","Streetheat Music",0.697,0.855,1,-11.205,0,0.0504,0.00447,0.287,0.0384,0.737,118.27,4
spotify:track:4TVGshGsCVm7juzzFjk6QM,"Sex Shooter","Old School Hip Hop & Freestyle","Shannon",2010-11-01,217319,21,false,31hicjaaokhqtsrnskekv63koo3m,2025-04-01T01:00:21Z,"freestyle,hi-nrg,post-disco","X-Ray Records",0.754,0.55,1,-4.976,1,0.0322,0.000903,0.00000106,0.0905,0.84,122.411,4
spotify:track:179SfVFJ0ZN41toTxnpgRD,"The Glamorous Life","The Glamorous Life","Sheila E.",1984,543560,51,false,31hicjaaokhqtsrnskekv63koo3m,2025-04-01T01:00:21Z,"","Rhino/Warner Records",0.759,0.675,3,-14.366,0,0.0422,0.0261,0.0341,0.431,0.866,127.522,4
spotify:track:5R6ol4f8WCUCWNrB7Ymf99,"A Love Bizarre","Romance 1600","Sheila E.",1985,738053,46,false,31hicjaaokhqtsrnskekv63koo3m,2025-04-01T01:00:21Z,"","Rhino/Warner Records",0.768,0.612,1,-13.381,1,0.0454,0.0217,0.0239,0.0513,0.878,113.798,4
spotify:track:7ktYQ9GKcpeoXzE2P03j2X,"Bourgie', Bourgie'","The Essential Gladys Knight & The Pips","Gladys Knight & The Pips",2015-03-06,277986,10,false,31hicjaaokhqtsrnskekv63koo3m,2025-04-01T01:00:21Z,"motown,classic soul,soul,northern soul","Legacy Recordings",0.679,0.854,10,-7.284,1,0.0405,0.111,0.00000659,0.0954,0.709,120.407,4
spotify:track:1QWNYyZMTOCtrds6F6bH7L,"Bourgie, Bourgie - Original Mix","Bourgie, Bourgie","John Davis & The Monster Orchestra",2013-04-16,372511,18,false,31hicjaaokhqtsrnskekv63koo3m,2025-04-01T01:00:21Z,"disco,philly soul,post-disco","Nervous Records",0.799,0.696,0,-9.358,1,0.0734,0.522,0.134,0.175,0.952,120.209,4
spotify:track:6sPTRqvvCcXAvQgjq8tc8T,"Love You Inside Out - 2009 Remastered Version","The Ultimate Bee Gees","Bee Gees",2009-11-02,250693,0,false,31hicjaaokhqtsrnskekv63koo3m,2025-04-01T01:00:21Z,"disco","Bee Gees/Reprise",0.711,0.688,11,-5.905,0,0.0343,0.313,0.0000779,0.198,0.828,95.076,4
spotify:track:3BneMfYdo9X8m90BRhMzSL,"Youre the One for Me - Radio Mix","You're the One For Me EP","D-Train",1981-01-01,250635,47,false,31hicjaaokhqtsrnskekv63koo3m,2025-04-01T01:00:21Z,"post-disco,funk,boogie,disco","UNIDISC MUSIC INC.",0.701,0.896,11,-5.738,0,0.126,0.0194,0.0000101,0.0521,0.927,120.16,4
spotify:track:0WogZaKCm716YSxlzCXqFN,"She Can't Love You","Classics Funky Music, Vol. 2","Chemise",2001-01-01,310293,27,false,31hicjaaokhqtsrnskekv63koo3m,2025-04-01T01:00:21Z,"italo disco,post-disco,disco,funk,disco house","UNIDISC MUSIC INC.",0.963,0.544,9,-10.471,0,0.0863,0.00469,0.0000455,0.0584,0.766,114.744,4
spotify:track:2sYLlZU3FuCF8SKNeIvdKA,"Crush On You","Back To Back","The Jets",1998-01-01,272493,42,false,31hicjaaokhqtsrnskekv63koo3m,2025-04-01T01:00:21Z,"rocksteady","Geffen",0.777,0.834,1,-10.851,1,0.0574,0.0209,0.0976,0.0446,0.967,120.332,4
spotify:track:362zcsyXMLbL7PNLhOovvm,"Computer Love","The New Zapp IV U","Zapp",1985-01-01,283626,57,false,31hicjaaokhqtsrnskekv63koo3m,2025-04-01T01:00:21Z,"funk,post-disco","Warner Records",0.679,0.709,7,-5.851,0,0.133,0.676,0,0.292,0.673,84.543,4
spotify:track:42UpH9fz5utv8tkvOgh5Qb,"Freak-a-Zoid","No Parking on the Dance Floor","Midnight Star",1983-01-01,485013,46,false,31hicjaaokhqtsrnskekv63koo3m,2025-04-01T01:00:21Z,"post-disco,funk,quiet storm","UNIDISC MUSIC INC.",0.876,0.8,2,-8.142,1,0.0519,0.0169,0.00538,0.0382,0.759,120.829,4
spotify:track:1lHstKIefonJRhiL7iTIc0,"Supersonic (Re-Recorded / Remastered)","Supersonic (Re-Recorded / Remastered)","J.J. Fad",2009-03-01,233442,28,false,31hicjaaokhqtsrnskekv63koo3m,2025-04-01T01:00:21Z,"miami bass,old school hip hop,funk melody","X-Ray Records",0.859,0.701,6,-6.815,0,0.157,0.00143,0.000209,0.0487,0.474,132.023,4
spotify:track:7iv0yhmDydsKLKjO63qmzy,"Keep On","The Best of D Train","D-Train",2006-01-01,399276,41,false,31hicjaaokhqtsrnskekv63koo3m,2025-04-01T01:00:21Z,"post-disco,funk,boogie,disco","UNIDISC MUSIC INC.",0.766,0.915,6,-5.278,0,0.117,0.0544,0.000396,0.355,0.867,117.009,4
spotify:track:6EAlodKHBI1HxpSozNegwv,"Rocket 2 U","20th Century Masters: The Millennium Collection: Best Of The Jets","The Jets",2001-01-01,258093,35,false,31hicjaaokhqtsrnskekv63koo3m,2025-04-01T01:00:21Z,"rocksteady","Geffen*",0.889,0.651,2,-7.264,0,0.0437,0.0312,0.00909,0.0739,0.967,119.784,4
spotify:track:4JLLJdhCC3LUEu5wpDz6M7,"Boys","In My House","Mary Jane Girls",1994-01-01,345626,26,false,31hicjaaokhqtsrnskekv63koo3m,2025-04-01T01:00:21Z,"post-disco,funk","Motown",0.888,0.641,11,-7.899,0,0.0869,0.0058,0.00943,0.0496,0.887,120.409,4
spotify:track:27zykIUXE2L4yaHGSoFucF,"Cool","The Time","The Time",1981-07-29,606266,27,false,31hicjaaokhqtsrnskekv63koo3m,2025-04-01T01:00:21Z,"funk,funk rock,post-disco","Rhino/Warner Records",0.79,0.339,4,-16.511,1,0.0614,0.0261,0.0128,0.161,0.869,125.703,4
spotify:track:7o8UELQiECaSiVBztJTRij,"The Bird","Ice Cream Castle","The Time",1984-07-03,464333,42,true,31hicjaaokhqtsrnskekv63koo3m,2025-04-01T01:00:21Z,"funk,funk rock,post-disco","Warner Records",0.675,0.548,6,-15.277,1,0.0907,0.0529,0.0216,0.784,0.453,128.837,4
spotify:track:1Uj2yJKcIdNHcQu4DMr6cX,"777-9311","What Time Is It?","The Time",1982-08-24,485400,43,false,31hicjaaokhqtsrnskekv63koo3m,2025-04-01T01:00:21Z,"funk,funk rock,post-disco","Warner Records",0.819,0.631,6,-11.291,0,0.112,0.00939,0.00217,0.0261,0.776,123.215,4
spotify:track:00PLtXXER1XcTRZvs3LioS,"Get The Funk Out Ma Face","Look Out For #1","The Brothers Johnson",1976-01-01,147000,48,false,31hicjaaokhqtsrnskekv63koo3m,2025-04-01T01:00:21Z,"funk,disco","A&M",0.88,0.57,2,-13.145,1,0.0821,0.292,0.0388,0.0674,0.791,106.034,4
spotify:track:06xkqQuJzl1ddeK48jG6qa,"Fire","Fire","Ohio Players",1974-06-01,276333,53,false,31hicjaaokhqtsrnskekv63koo3m,2025-04-01T01:00:21Z,"funk,soul,classic soul","Mercury Records",0.639,0.75,5,-11.794,1,0.0557,0.324,0.0335,0.282,0.851,107.174,4
spotify:track:0EAtqMkJ13QYAN7QDcFiDs,"Taste of Bitter Love","About Love (Expanded Edition)","Gladys Knight & The Pips",1980,278626,43,false,31hicjaaokhqtsrnskekv63koo3m,2025-04-01T01:00:21Z,"motown,classic soul,soul,northern soul","Columbia/Legacy",0.753,0.826,7,-5.547,0,0.0391,0.192,0.00936,0.0568,0.676,109.283,4
spotify:track:0Eq4BMgsdV6DkLSJfX8eBt,"Fantasy","The Best Of Earth, Wind & Fire Vol. 1","Earth, Wind & Fire",1978-11-23,225501,69,false,31hicjaaokhqtsrnskekv63koo3m,2025-04-01T01:00:21Z,"funk,disco","Columbia/Legacy",0.666,0.714,4,-9.448,0,0.0617,0.291,0.0212,0.128,0.69,89.018,4
spotify:track:0HVskDkLtFTHoaepRQ8fYa,"Sun Is Here","The Greatest Hits","Sun",1998-01-01,304266,27,false,31hicjaaokhqtsrnskekv63koo3m,2025-04-01T01:00:21Z,"","The Right Stuff",0.888,0.557,4,-10.601,1,0.128,0.0476,0.0957,0.292,0.7,126.14,4
spotify:track:0SWIwGe12CPw3QV8hB9EPa,"All Night Thing","The Invisible Man's Band","Invisible Man's Band",1980-02-20,386906,39,false,31hicjaaokhqtsrnskekv63koo3m,2025-04-01T01:00:21Z,"post-disco","Island Records",0.827,0.781,1,-8.106,0,0.062,0.0501,0.000124,0.0764,0.929,122.061,4
spotify:track:0WsmLcRQB0IQdPmeiTlHjb,"Can You Help Me","Jesse Johnson's Revue","Jesse Johnson",1985-01-01,320640,33,false,31hicjaaokhqtsrnskekv63koo3m,2025-04-01T01:00:21Z,"","A&M",0.749,0.751,4,-10.604,0,0.0347,0.00773,0.205,0.177,0.659,115.478,4
spotify:track:0dMd4rilfd6gPbXaLpNYhu,"Higher Ground","Innervisions","Stevie Wonder",1973-08-03,222600,69,false,31hicjaaokhqtsrnskekv63koo3m,2025-04-01T01:00:21Z,"motown,classic soul,soul","Motown",0.716,0.85,8,-9.949,1,0.0426,0.0631,0.00133,0.189,0.821,125.474,4
spotify:track:0eqWPB28jM1iQvOol7XLus,"I Heard It Through the Grapevine","All the Greatest Hits","Zapp",1993-09-28,408800,42,false,31hicjaaokhqtsrnskekv63koo3m,2025-04-01T01:00:21Z,"funk,post-disco","Rhino/Warner Records",0.88,0.528,2,-11.505,1,0.0692,0.348,0.0000853,0.267,0.931,118.457,4
spotify:track:0nTwHVx5Hs7gnZeZcZQTrb,"Slow Down","Zagora","Loose Ends",1986-01-01,303280,48,false,31hicjaaokhqtsrnskekv63koo3m,2025-04-01T01:00:21Z,"post-disco,new jack swing","EMI Catalogue",0.735,0.582,11,-11.2,0,0.0628,0.213,0.00000255,0.0541,0.674,102.896,4
spotify:track:0nz7eSSUtNM7wLkYE3x1Wl,"More Than A Woman","Future Bound","Tavares",1978-04-01,207493,58,false,31hicjaaokhqtsrnskekv63koo3m,2025-04-01T01:00:21Z,"disco,philly soul","Virgin Music UK",0.697,0.716,8,-12.123,0,0.0371,0.111,0,0.407,0.928,107.619,4
spotify:track:0yyRUuWV28gUB4FFblyZS8,"C.O.D. (I'll Deliver)","You, Me And He","Mtume",1984,242733,39,false,31hicjaaokhqtsrnskekv63koo3m,2025-04-01T01:00:21Z,"post-disco,funk,quiet storm","Epic",0.907,0.221,6,-12.349,1,0.104,0.129,0.0156,0.0487,0.723,93.855,4
spotify:track:17VWTx7LD7liGlpnlGhUbn,"Lady Marmalade","Nightbirds","LaBelle",1974-09-13,237121,59,false,31hicjaaokhqtsrnskekv63koo3m,2025-04-01T01:00:21Z,"disco,philly soul","Epic",0.631,0.563,2,-12.135,0,0.0552,0.398,0,0.0733,0.947,117.963,4
spotify:track:1CZMhkwoI5C0NpxAJlaH8t,"Save the Overtime (For Me)","Visions (Expanded Edition)","Gladys Knight & The Pips",1983,281372,35,false,31hicjaaokhqtsrnskekv63koo3m,2025-04-01T01:00:21Z,"motown,classic soul,soul,northern soul","Legacy Recordings",0.847,0.627,9,-10.933,1,0.0326,0.0177,0.00184,0.105,0.965,109.204,4
spotify:track:1DZAA9ewOieiw2a45JV6zZ,"It's All the Way Live","Shot of Love","Lakeside",1978-01-01,430386,40,false,31hicjaaokhqtsrnskekv63koo3m,2025-04-01T01:00:21Z,"funk,post-disco","UNIDISC MUSIC INC.",0.739,0.726,0,-7.571,1,0.0531,0.0659,0.0277,0.0962,0.91,117.772,4
spotify:track:1E5V0rLUFParh5379jGchL,"Just Wanna Make a Dream Come True (Mass in F Minor)","Three Miles High","Mass Production",1978,332920,16,false,31hicjaaokhqtsrnskekv63koo3m,2025-04-01T01:00:21Z,"post-disco,funk","Rhino Atlantic",0.651,0.709,6,-13.764,0,0.105,0.0153,0.00279,0.0965,0.567,125.13,4
spotify:track:1OK4hVcucqYKMU9Ipb3dtx,"Just Got Paid - Single Version","Radio Hits Of the '80s","Johnny Kemp",2006-07-18,212466,44,false,31hicjaaokhqtsrnskekv63koo3m,2025-04-01T01:00:21Z,"new jack swing","Legacy Recordings",0.794,0.783,7,-6.4,1,0.0804,0.0157,0.0000275,0.109,0.784,117.112,4
spotify:track:1OO2Fp9PsnaayiekeXuGJX,"Tell Me Something Good","Rags To Rufus","Rufus & Chaka Khan;Chaka Khan",1974-01-01,277066,55,false,31hicjaaokhqtsrnskekv63koo3m,2025-04-01T01:00:21Z,"funk","Geffen*",0.666,0.577,1,-7.916,1,0.22,0.659,0,0.569,0.783,74.29,4
spotify:track:1Qt2RrYHnFGGFyTrrYwixa,"Standing Ovation","Two (Expanded Edition)","G.Q.",1980-01-01,330480,23,false,31hicjaaokhqtsrnskekv63koo3m,2025-04-01T01:00:21Z,"disco,post-disco","Arista/Legacy",0.653,0.709,4,-11.463,1,0.0456,0.0109,0.0152,0.913,0.951,124.455,4
spotify:track:1SoTwOaxQKABWLhOdjRm1t,"Situation #9 - Remastered","Life, Love & Pain (2022 Remaster)","Club Nouveau",1986-01-01,293173,38,false,31hicjaaokhqtsrnskekv63koo3m,2025-04-01T01:00:21Z,"new jack swing","Tommy Boy Music, LLC",0.848,0.647,0,-7.647,1,0.045,0.0504,0.000017,0.109,0.833,106.932,4
spotify:track:1avLYHHR0AEDmZVbicpWpu,"Peanut Butter","Best Of Friends","Twennynine;Lenny White",2008-02-05,217453,34,false,31hicjaaokhqtsrnskekv63koo3m,2025-04-01T01:00:21Z,"post-disco,funk,jazz fusion,jazz funk","Rhino/Elektra",0.797,0.656,2,-8.619,1,0.0587,0.054,0.00205,0.131,0.962,119.456,4
spotify:track:1h1ypjAfmizoZSyz3o8ZxX,"I'm Freaky","The Best Of O'Bryan","O'Bryan",1996-01-01,238573,25,false,31hicjaaokhqtsrnskekv63koo3m,2025-04-01T01:00:21Z,"quiet storm,post-disco","The Right Stuff",0.842,0.608,9,-12.91,0,0.115,0.315,0.0000922,0.0328,0.859,129.829,4
spotify:track:1ibRqifchaAfeNdQGpbRVW,"Bad Girls","Bad Girls","Donna Summer",1979-04-25,295106,67,false,31hicjaaokhqtsrnskekv63koo3m,2025-04-01T01:00:21Z,"disco,hi-nrg","Mercury Records",0.857,0.7,2,-14.506,0,0.0358,0.00387,0.0162,0.411,0.973,120.529,4
spotify:track:1l1YTy9nJ0trwhsCGcimly,"It's A Shame","2nd Time Around (Expanded Edition)","The Spinners",1970,190058,66,false,31hicjaaokhqtsrnskekv63koo3m,2025-04-01T01:00:21Z,"philly soul,motown,classic soul,soul,northern soul","UNI/MOTOWN",0.372,0.642,11,-11.955,1,0.0594,0.0947,0,0.117,0.705,198.731,4
spotify:track:1tMyqN7bNCokdg7jWgKPc8,"Disco Lady","Eargasm","Johnnie Taylor",1976,267066,41,false,31hicjaaokhqtsrnskekv63koo3m,2025-04-01T01:00:21Z,"blues,soul blues,zydeco,footwork,classic soul,soul","Columbia/Legacy",0.719,0.79,2,-8.002,1,0.0521,0.0568,0,0.0573,0.846,103.751,4
spotify:track:20RHP0KD0gDz7xzmzZCGBo,"Double Dutch Bus","Children Of Tomorrow","Frankie Smith",1981-01-01,320880,54,false,31hicjaaokhqtsrnskekv63koo3m,2025-04-01T01:00:21Z,"","UNIDISC MUSIC INC.",0.919,0.526,8,-8.879,1,0.118,0.0025,0.000471,0.0336,0.506,119.48,4
spotify:track:222TScMmzaZ0IdkvbLoin2,"I Love Music","Family Reunion (Expanded Edition)","The O'Jays",1975-11-01,413066,52,false,31hicjaaokhqtsrnskekv63koo3m,2025-04-01T01:00:21Z,"philly soul,classic soul,motown,quiet storm,soul","Epic/Legacy",0.643,0.838,0,-8.063,0,0.0455,0.0523,0.0000615,0.328,0.923,127.612,4
spotify:track:2BydLQAh7CUIFvSEqAMc4x,"If You Want Me to Stay","Fresh","Sly & The Family Stone",1973-06-30,180493,62,false,31hicjaaokhqtsrnskekv63koo3m,2025-04-01T01:00:21Z,"funk,motown,classic soul,funk rock,soul","Epic/Legacy",0.843,0.48,11,-11.574,0,0.0492,0.28,0.000782,0.108,0.762,101.993,4
spotify:track:2DeAEzzTCLxrcsO60WuCka,"A Lover's Holiday","The Very Best Of Change","Change",2005-07-26,237120,36,false,31hicjaaokhqtsrnskekv63koo3m,2025-04-01T01:00:21Z,"post-disco,disco,funk","Rhino Atlantic",0.932,0.608,6,-6.401,0,0.189,0.0476,0.0194,0.0526,0.776,115.88,4
spotify:track:2GLDYbNCRgsZTBhrBqhdm0,"Friends","The Collection","Whodini",2003-08-18,279866,39,false,31hicjaaokhqtsrnskekv63koo3m,2025-04-01T01:00:21Z,"old school hip hop,east coast hip hop","Jive",0.751,0.82,10,-5.189,0,0.247,0.0914,0.00000107,0.0406,0.718,192.026,4
spotify:track:2GRMJEIAvKlqJd9UHZTjRD,"Off on Your Own (Girl)","In Effect Mode","Al B. Sure!",1988-04-26,249000,52,false,31hicjaaokhqtsrnskekv63koo3m,2025-04-01T01:00:21Z,"new jack swing,quiet storm","Warner Records",0.693,0.535,10,-13.99,0,0.0446,0.00299,0.00000303,0.0636,0.666,95.557,4
spotify:track:2H0nOH0pgs3DBoPoR852cC,"Ffun","Secrets","Con Funk Shun",1977-01-01,251066,44,false,31hicjaaokhqtsrnskekv63koo3m,2025-04-01T01:00:21Z,"funk,quiet storm","Island Mercury",0.946,0.469,5,-13.091,0,0.0865,0.0608,0.00126,0.257,0.866,110.969,4
spotify:track:2IaMIzFatsVn9L3uOeTtQh,"Nights (Feel Like Gettin' Down)","Nights (Feel Like Getting Down) [Expanded Edition]","Billy Ocean",1981,282200,44,false,31hicjaaokhqtsrnskekv63koo3m,2025-04-01T01:00:21Z,"yacht rock","Sony Music UK",0.881,0.829,9,-5.968,0,0.122,0.264,0.00063,0.127,0.814,115.418,4
spotify:track:2M2WJ7gBlcKNxdhyfPp9zY,"Best of My Love","Rejoice","The Emotions",1977-06-10,220560,69,false,31hicjaaokhqtsrnskekv63koo3m,2025-04-01T01:00:21Z,"motown,disco","Legacy Recordings",0.784,0.713,0,-6.865,1,0.0339,0.447,0.14,0.0904,0.97,115.443,4
spotify:track:2R0zbd80CqwoB0ORDCqDoK,"She's A Bad Mama Jama (She's Built, She's Stacked) - Single Version","Carl Carlton (Expanded Edition)","Carl Carlton",1981-01-01,235933,70,false,31hicjaaokhqtsrnskekv63koo3m,2025-04-01T01:00:21Z,"","Universal Records",0.902,0.551,9,-6.267,0,0.0703,0.15,0.00000195,0.0459,0.776,114.258,4
spotify:track:2YnJFR0YsyD84KBdIiybfJ,"Get Up To Get Down","Brass Construction 5","Brass Construction",1979-01-01,388600,33,false,31hicjaaokhqtsrnskekv63koo3m,2025-04-01T01:00:21Z,"funk,post-disco,jazz funk,acid jazz","CAPITOL CATALOG MKT (C92)",0.79,0.795,2,-6.296,1,0.125,0.438,0.00515,0.186,0.827,107.257,4
spotify:track:2krg5rJxl3xcz96HBosta7,"Don't Push It Don't Force It","The Best Of Leon Haywood","Leon Haywood",1996-01-01,326640,32,false,31hicjaaokhqtsrnskekv63koo3m,2025-04-01T01:00:21Z,"funk","Island Mercury",0.914,0.461,8,-13.784,0,0.0331,0.366,0.0834,0.0586,0.969,113.99,4
spotify:track:2lfokjWEMj3JGRoZWRpIWR,"Hangin' On A String","The Best Of Loose Ends","Loose Ends",2003-01-01,351813,51,false,31hicjaaokhqtsrnskekv63koo3m,2025-04-01T01:00:21Z,"post-disco,new jack swing","EMI Gold",0.735,0.724,11,-9.587,0,0.0503,0.0383,0.0008,0.0637,0.861,104.953,4
spotify:track:2nqpN3cSmL0tTlJ724fE2a,"One Nation Under a Groove","Young Soul Rebels (Original Soundtrack) [Digitally Remastered]","Funkadelic",2015-05-05,449640,43,false,31hicjaaokhqtsrnskekv63koo3m,2025-04-01T01:00:21Z,"funk,funk rock,psychedelic rock","Conscious Manifesto / Essential Media Group",0.788,0.852,4,-8.157,0,0.0419,0.416,0.00116,0.288,0.869,122.375,4
spotify:track:2rBBhFXtuMoGuwYTSDpAdF,"Don't Leave Me This Way","The Best Of","Thelma Houston",1998-01-01,217733,55,false,31hicjaaokhqtsrnskekv63koo3m,2025-04-01T01:00:21Z,"motown,disco","UNI/MOTOWN",0.553,0.839,0,-5.844,0,0.116,0.153,0.00006,0.13,0.673,121.819,4
spotify:track:2vFnK2azfHiF735R6eCKvD,"Searching to Find the One","A Night to Remember (Mixed By Tony Okungbowa & Jojoflores)","Unlimited Touch",2012-05-01,167746,18,false,31hicjaaokhqtsrnskekv63koo3m,2025-04-01T01:00:21Z,"post-disco,disco,funk","UNIDISC MUSIC INC.",0.62,0.812,4,-7.448,1,0.184,0.0527,0,0.056,0.868,114.806,4
spotify:track:2vLaES21zwbX1Rnmj56Bbb,"I'll Be Around","Spinners","The Spinners",1973,188800,70,false,31hicjaaokhqtsrnskekv63koo3m,2025-04-01T01:00:21Z,"philly soul,motown,classic soul,soul,northern soul","Rhino Atlantic",0.593,0.791,8,-8.698,0,0.068,0.175,0,0.0976,0.63,112.295,4
spotify:track:2wPJBZ7o4a1TurmrgmNEUK,"Stone Love","Kashif (Expanded Edition)","Kashif",2014-10-27,329040,39,false,31hicjaaokhqtsrnskekv63koo3m,2025-04-01T01:00:21Z,"post-disco,quiet storm,new jack swing","Legacy Recordings",0.848,0.396,1,-12.969,1,0.0784,0.0461,0.00139,0.076,0.778,114.224,4
spotify:track:2xiOdusRnZezQok1RgLNeS,"You Should Be Dancing","Children Of The World","Bee Gees",1976-01-01,256493,73,false,31hicjaaokhqtsrnskekv63koo3m,2025-04-01T01:00:21Z,"disco","Bee Gees Catalog",0.682,0.716,0,-10.911,1,0.0333,0.0182,0.168,0.337,0.963,123.011,4
spotify:track:32YzjV133gteg9LMBGO2OA,"Burn Rubber On Me (Why You Wanna Hurt Me)","Greatest Hits","The Gap Band",1997-01-01,252306,57,false,31hicjaaokhqtsrnskekv63koo3m,2025-04-01T01:00:21Z,"funk,quiet storm","PSM",0.764,0.733,11,-10.763,0,0.0538,0.0986,0.00104,0.171,0.887,116.185,4
spotify:track:37RFjhP6MhiQYstxN04yyw,"I Just Gotta Have You (Lover Turn Me On)","Kashif (Expanded Edition)","Kashif",2014-10-27,348666,43,false,31hicjaaokhqtsrnskekv63koo3m,2025-04-01T01:00:21Z,"post-disco,quiet storm,new jack swing","Legacy Recordings",0.889,0.377,5,-13.331,0,0.0604,0.00591,0.000823,0.0831,0.812,116.028,4
spotify:track:37vKPnowgcM61kFGBJzu37,"Lovelite","The Best Of O'Bryan","O'Bryan",1996-01-01,238826,32,false,31hicjaaokhqtsrnskekv63koo3m,2025-04-01T01:00:21Z,"quiet storm,post-disco","The Right Stuff",0.881,0.557,10,-11.134,0,0.0487,0.242,0.0819,0.073,0.906,114.633,4
spotify:track:38TuEl4QqLM1VtJ5LK6FK0,"Automatic","Break Out (1983 Version - Expanded Edition)","The Pointer Sisters",1983-04-01,287013,53,false,31hicjaaokhqtsrnskekv63koo3m,2025-04-01T01:00:21Z,"disco","RCA/Legacy",0.803,0.656,5,-7.53,1,0.0556,0.0934,0,0.324,0.926,110.544,4
spotify:track:3HOgUlwPDsh0kEFnbr5EL5,"Dance with Me","A Fantasy Love Affair","Peter Brown",1977,319226,43,false,31hicjaaokhqtsrnskekv63koo3m,2025-04-01T01:00:21Z,"disco,post-disco","Rhino",0.912,0.42,10,-14.798,1,0.0507,0.117,0.000717,0.0424,0.9,108.53,4
spotify:track:3LWDH6tr4NwrGA23JYwzXG,"It Seems to Hang On","Is It Still Good To Ya (US Internet Release)","Ashford & Simpson;James Simpson",1978,313066,39,false,31hicjaaokhqtsrnskekv63koo3m,2025-04-01T01:00:21Z,"disco,post-disco","Rhino Atlantic",0.654,0.676,11,-11.742,0,0.0646,0.167,0.000076,0.112,0.743,115.773,4
spotify:track:3Pz5n4OKelwY3xpmsLhMNe,"Rescue Me - Remastered","Twice As Sweet","A Taste Of Honey",1980-08-01,203000,40,false,31hicjaaokhqtsrnskekv63koo3m,2025-04-01T01:00:21Z,"disco,boogie,post-disco","Capitol Records",0.806,0.741,5,-7.351,0,0.0494,0.225,0.0000524,0.0568,0.881,106.817,4
spotify:track:3S1HQf9rj1iHF0NIaiJ2vQ,"Walking Into Sunshine - Original Larry Levan 12"" Mix","The Funk Essentials 12"" Collection And More","Central Line",1999-01-01,474040,37,false,31hicjaaokhqtsrnskekv63koo3m,2025-04-01T01:00:21Z,"post-disco","Island Mercury",0.887,0.498,9,-8.276,0,0.0999,0.0205,0.0444,0.0253,0.854,111.997,4
spotify:track:3cL9ivTyGpd7XMpB4Img2I,"Why You Treat Me So Bad","Ballads and Love Songs","Club Nouveau",2003-09-30,327640,44,false,31hicjaaokhqtsrnskekv63koo3m,2025-04-01T01:00:21Z,"new jack swing","Classic Nouveau Music",0.674,0.59,7,-10.296,1,0.157,0.222,0,0.293,0.58,98.728,4
spotify:track:3e0BAk5D4PVhmU6vCW9ma5,"It Should Have Been You","Gwen Guthrie","Gwen Guthrie",1982-01-01,261053,41,false,31hicjaaokhqtsrnskekv63koo3m,2025-04-01T01:00:21Z,"post-disco,disco","Mercury Records",0.8,0.685,11,-8.378,0,0.0384,0.277,0.00175,0.105,0.808,117.939,4
spotify:track:3hgncJJHS63DcTv8HFhEYD,"Soul Train's A'Comin'","You And I","O'Bryan",1983-04-03,351106,24,false,31hicjaaokhqtsrnskekv63koo3m,2025-04-01T01:00:21Z,"quiet storm,post-disco","CAPITOL CATALOG MKT (C92)",0.917,0.78,1,-7.294,1,0.0577,0.421,0.52,0.0851,0.814,106.296,4
spotify:track:3mWpUEBYnv9SIFWfixSJFx,"Can't Get Enough Of Your Love, Babe","Can't Get Enough","Barry White",1974-02-15,274000,72,false,31hicjaaokhqtsrnskekv63koo3m,2025-04-01T01:00:21Z,"disco,soul,classic soul,quiet storm,philly soul","Mercury Records",0.729,0.78,5,-7.604,1,0.0631,0.114,0.106,0.0759,0.795,111.833,4
spotify:track:3p1JoOEhVkEnTaa4JzTMSk,"For the Love of Money","Ship Ahoy (Expanded Edition)","The O'Jays",1973,439866,55,false,31hicjaaokhqtsrnskekv63koo3m,2025-04-01T01:00:21Z,"philly soul,classic soul,motown,quiet storm,soul","Epic/Legacy",0.679,0.802,0,-7.739,1,0.0406,0.236,0.00000233,0.132,0.894,97.375,4
spotify:track:3ptTr5IwiVaLcRDqfIypMs,"The Groove Line","Central Heating (Expanded Edition)","Heatwave",1978-03-31,264120,52,false,31hicjaaokhqtsrnskekv63koo3m,2025-04-01T01:00:21Z,"disco,funk","Sony Music UK",0.745,0.734,11,-9.835,0,0.03,0.0801,0.00471,0.299,0.777,119.634,4
spotify:track:3raUUsAHS3nWSM85iNHH0T,"I Surrender","The Deele: Greatest Hits","The Deele",1987-01-01,259640,17,false,31hicjaaokhqtsrnskekv63koo3m,2025-04-01T01:00:21Z,"quiet storm,post-disco","Unidisc",0.871,0.551,1,-9.058,1,0.068,0.0856,0.0279,0.152,0.965,124.254,4
spotify:track:46eu3SBuFCXWsPT39Yg3tJ,"Don't Stop 'Til You Get Enough","Off the Wall","Michael Jackson",1979-08-10,364441,81,false,31hicjaaokhqtsrnskekv63koo3m,2025-04-01T01:00:21Z,"","Epic",0.878,0.821,11,-9.875,1,0.089,0.126,0.0461,0.183,0.947,118.881,4
spotify:track:47HusOVsGPUcsJtMq40aRd,"You Are in My System","Sweat","The System",1983-01-01,357812,33,false,31hicjaaokhqtsrnskekv63koo3m,2025-04-01T01:00:21Z,"post-disco,new jack swing","Mirage Records / Unidisc Music Inc.",0.843,0.46,10,-13.512,0,0.054,0.00891,0.00247,0.132,0.84,109.123,4
spotify:track:4XRIJv9wuuVilF6ohFeaVK,"I Don't Wanna Lose Your Love","Flowers (Bonus Track Version)","The Emotions",1976,241933,40,false,31hicjaaokhqtsrnskekv63koo3m,2025-04-01T01:00:21Z,"motown,disco","Legacy Recordings",0.75,0.722,1,-8.842,1,0.0574,0.148,0.00296,0.667,0.934,120.022,4
spotify:track:4kxDa9niTJIyh89afKjpCR,"Float On - Single Version","The ABC's Of Soul, Vol. 3 (Classics From The ABC Records Catalog 1975-1979)","The Floaters",1996-09-09,255173,55,false,31hicjaaokhqtsrnskekv63koo3m,2025-04-01T01:00:21Z,"classic soul","Geffen",0.59,0.718,7,-8.536,1,0.0275,0.255,0.00000586,0.111,0.868,96.552,4
spotify:track:4p6oBRvpqyngp4qstr5GBe,"Hangin' On A String (Contemplating)","So Where Are You","Loose Ends",1985-01-01,361893,41,false,31hicjaaokhqtsrnskekv63koo3m,2025-04-01T01:00:21Z,"post-disco,new jack swing","Virgin Records",0.773,0.583,8,-12.162,0,0.0561,0.236,0.00232,0.0568,0.961,103.108,4
spotify:track:4pJRDwBEBBnDGYwwm8JkBw,"Put Your Body In It","What Cha Gonna Do With My Lovin'","Stephanie Mills",1979-03-29,247893,34,false,31hicjaaokhqtsrnskekv63koo3m,2025-04-01T01:00:21Z,"quiet storm,classic soul,post-disco","Mercury Records",0.785,0.812,5,-7.272,1,0.106,0.207,0.0334,0.0323,0.784,117.618,4
spotify:track:4qFKID7H4EAUNY71UoUToE,"Push","The Best Of One Way","One Way",1996-04-23,233093,32,false,31hicjaaokhqtsrnskekv63koo3m,2025-04-01T01:00:21Z,"funk,post-disco","Geffen",0.911,0.434,7,-9.232,1,0.158,0.0114,0.000128,0.177,0.457,116.901,4
spotify:track:4rLmt4hvKAx5C1PRpj1lg6,"Operator","Planetary Invasion","Midnight Star",1984-01-01,448240,42,false,31hicjaaokhqtsrnskekv63koo3m,2025-04-01T01:00:21Z,"post-disco,funk,quiet storm","UNIDISC MUSIC INC.",0.804,0.827,11,-8.188,0,0.0442,0.0112,0.00392,0.0908,0.7,125.276,4
spotify:track:4uAmOz06dbppQuq4wyWd7g,"I've Just Begun to Love You","Adventures in the Land of Music","Dynasty",1980-01-01,395039,28,false,31hicjaaokhqtsrnskekv63koo3m,2025-04-01T01:00:21Z,"post-disco,funk","UNIDISC MUSIC INC.",0.866,0.531,0,-9.313,0,0.0542,0.0852,0,0.11,0.906,114.919,4
spotify:track:4wwd1Fgl6B2bm9ohXrp2XV,"You Can Do It - Single Version","One Way (Expanded Version)","One Way;Al Hudson",1979-11-01,212946,31,false,31hicjaaokhqtsrnskekv63koo3m,2025-04-01T01:00:21Z,"funk,post-disco,northern soul","Geffen",0.939,0.433,8,-13.817,0,0.104,0.0652,0.000111,0.0607,0.85,115.826,4
spotify:track:5CLozJK4pKWoPpFf2Z1Mye,"Lady (You Bring Me Up)","In The Pocket","Commodores",1981-01-01,293226,61,false,31hicjaaokhqtsrnskekv63koo3m,2025-04-01T01:00:21Z,"motown,classic soul","UNI/MOTOWN",0.892,0.593,0,-9.429,0,0.0405,0.2,0.000339,0.0996,0.867,120.979,4
spotify:track:5ISCPV5GnIYbtvVrPohEm6,"Single Life","Anthology","Cameo",2002-06-18,266693,47,false,31hicjaaokhqtsrnskekv63koo3m,2025-04-01T01:00:21Z,"funk","Mercury Records",0.755,0.761,7,-8.409,1,0.0598,0.108,0.000356,0.292,0.827,110.605,4
spotify:track:5Od8o3WsbeLxlGP1vmH6s6,"Ghetto Life","Street Songs (Deluxe Edition)","Rick James",1981-04-07,261000,52,false,31hicjaaokhqtsrnskekv63koo3m,2025-04-01T01:00:21Z,"funk,motown,disco","Motown",0.758,0.716,0,-8.609,1,0.0875,0.354,0,0.126,0.896,116.648,4
spotify:track:5PM96PMKMfD1lLX2lryUsG,"Oh Sheila","Ready For The World","Ready For The World",1985-01-01,240093,56,false,31hicjaaokhqtsrnskekv63koo3m,2025-04-01T01:00:21Z,"new jack swing,quiet storm","Geffen*",0.798,0.577,0,-10.347,1,0.0777,0.0234,0.00112,0.0728,0.835,128.82,4
spotify:track:5UPnA3gKdiv79CxJmG0TaH,"You Know How to Love Me - Long Version","You Know How to Love Me (Expanded Edition)","Phyllis Hyman",1979-10-23,454226,43,false,31hicjaaokhqtsrnskekv63koo3m,2025-04-01T01:00:21Z,"philly soul,quiet storm,classic soul","RCA/Legacy",0.843,0.616,10,-10.548,1,0.0358,0.0883,0.000793,0.0753,0.966,116.578,4
spotify:track:5Vdg4tP25ffeGEC5GGmCwm,"Smiling Faces Sometimes","The Undisputed Truth","The Undisputed Truth",1971-07-03,198546,51,false,31hicjaaokhqtsrnskekv63koo3m,2025-04-01T01:00:21Z,"motown,classic soul","UNI/MOTOWN",0.551,0.461,11,-11.778,1,0.0255,0.252,0.00000239,0.0541,0.739,105.155,4
spotify:track:5WwRKYnVy9dekqXAGPbAvU,"He's the Greatest Dancer - 1995 Remaster","We Are Family (1995 Remaster)","Sister Sledge",1995,375400,65,false,31hicjaaokhqtsrnskekv63koo3m,2025-04-01T01:00:21Z,"disco,philly soul","Rhino Atlantic",0.7,0.816,7,-9.711,0,0.044,0.00115,0.00123,0.0901,0.838,113.244,4
spotify:track:5YFcS3TfeNiWj42g6YBTGB,"Radiation Level","The Greatest Hits","Sun",1998-01-01,297240,10,false,31hicjaaokhqtsrnskekv63koo3m,2025-04-01T01:00:21Z,"","The Right Stuff",0.835,0.857,4,-8.8,0,0.0401,0.0654,0.00991,0.188,0.804,118.143,4
spotify:track:5bAYlqojCiretR2ZO1Y3xZ,"Shake Your Pants","Cameosis","Cameo",1980,384306,39,false,31hicjaaokhqtsrnskekv63koo3m,2025-04-01T01:00:21Z,"funk","Mercury Records",0.931,0.421,7,-11.044,1,0.0948,0.0271,0.00263,0.0971,0.696,124.333,4
spotify:track:5gQCUf4lfy6GpuhdPzxQ6B,"Dazz - Single Version","Super Hits","Brick",1988-08-02,202000,46,false,31hicjaaokhqtsrnskekv63koo3m,2025-04-01T01:00:21Z,"funk","Epic/Legacy",0.722,0.778,4,-7.931,1,0.0611,0.0697,0.00000746,0.0414,0.839,109.076,4
spotify:track:5lYpHO6ZO4Shys3GD8rav6,"Whatcha See Is Whatcha Get","The Very Best Of The Dramatics","The Dramatics",2007-01-01,214973,57,false,31hicjaaokhqtsrnskekv63koo3m,2025-04-01T01:00:21Z,"classic soul,soul,philly soul,quiet storm,motown","Stax",0.641,0.74,6,-8.425,1,0.118,0.249,0,0.281,0.914,152.939,4
spotify:track:5oNi6zJgIcGh8pv3XlmZb3,"That Girl","Original Musiquarium","Stevie Wonder",1982-05-04,313840,51,false,31hicjaaokhqtsrnskekv63koo3m,2025-04-01T01:00:21Z,"motown,classic soul,soul","UNI/MOTOWN",0.792,0.691,6,-8.975,1,0.0431,0.102,0.0000167,0.0679,0.899,106.979,4
spotify:track:5omu0D2BEmnTpySDmJWR4E,"Get It Up - 2021 Remaster","The Time (Expanded Edition) [2021 Remaster]","The Time",1981,546586,41,false,31hicjaaokhqtsrnskekv63koo3m,2025-04-01T01:00:21Z,"funk,funk rock,post-disco","Rhino/Warner Records",0.868,0.374,4,-9.376,0,0.0973,0.0156,0.0413,0.0346,0.838,112.837,4
spotify:track:5wmZnefc6XBPiEI3yqIVgg,"Street Corner","Solid (Expanded Edition)","Ashford & Simpson",1984,278266,35,false,31hicjaaokhqtsrnskekv63koo3m,2025-04-01T01:00:21Z,"disco,post-disco","EMI Catalogue",0.752,0.52,0,-13.988,1,0.0563,0.279,0.00229,0.0313,0.913,110.764,4
spotify:track:5yR9u8QiOt8hJaddv32oo7,"I Feel for You","I Feel for You","Chaka Khan",1984,343400,64,false,31hicjaaokhqtsrnskekv63koo3m,2025-04-01T01:00:21Z,"","Rhino/Warner Records",0.698,0.912,11,-8.993,1,0.0675,0.0145,0.0225,0.279,0.797,124.917,4
spotify:track:61U6aXX0GsRcf6h6JXnj7u,"Body Talk","The Deele: Greatest Hits","The Deele",1987-01-01,336626,36,false,31hicjaaokhqtsrnskekv63koo3m,2025-04-01T01:00:21Z,"quiet storm,post-disco","Unidisc",0.908,0.448,9,-9.968,0,0.0847,0.0681,0.000138,0.0616,0.847,124.174,4
spotify:track:687YZan9Gol1UVvbpUSO6Y,"I Wish","Songs In The Key Of Life","Stevie Wonder",1976-09-28,252373,69,false,31hicjaaokhqtsrnskekv63koo3m,2025-04-01T01:00:21Z,"motown,classic soul,soul","UNI/MOTOWN",0.821,0.721,10,-10.401,0,0.0515,0.0816,0.00000737,0.0664,0.885,105.866,4
spotify:track:68oL33xGl9GsUhDSTCXCrD,"Hit And Run","The Best Of The Bar-Kays","The Bar-Kays",1993-01-01,230666,47,false,31hicjaaokhqtsrnskekv63koo3m,2025-04-01T01:00:21Z,"funk,post-disco","Island Mercury",0.845,0.44,4,-10.219,0,0.0328,0.31,0.0000037,0.0431,0.968,112.43,4
spotify:track:6KlnQC66NiJTdO88aL62SF,"Shame","Love Come Down: The Best of Evelyn ""Champagne"" King","Evelyn ""Champagne"" King",1993-03-22,392800,49,false,31hicjaaokhqtsrnskekv63koo3m,2025-04-01T01:00:21Z,"post-disco,disco,funk","RCA Records Label",0.714,0.665,11,-10.948,0,0.0381,0.00588,0.131,0.0655,0.805,133.805,4
spotify:track:6OTqMkJyg3dsr0GZU5OyoZ,"Feels So Real (Won't Let Go) - 12"" Version","Remind Me (The Classic Elektra Recordings 1978-1984)","Patrice Rushen",2019-07-19,409648,50,true,31hicjaaokhqtsrnskekv63koo3m,2025-04-01T01:00:21Z,"post-disco,jazz funk,disco,funk","Strut",0.89,0.451,9,-7.753,0,0.0835,0.0316,0.0824,0.0203,0.768,104.143,4
spotify:track:6OylYIXrIH2E3hgg7Dqz5M,"You'll Never Find Another Love Like Mine","All Things In Time","Lou Rawls",1976,266200,66,false,31hicjaaokhqtsrnskekv63koo3m,2025-04-01T01:00:21Z,"philly soul,classic soul,soul blues","Legacy Recordings",0.691,0.718,2,-8.457,1,0.0317,0.148,0.0000481,0.108,0.934,110.623,4
spotify:track:6aKFAhG7hCy71wLDMKjP5G,"In The Rain","The Very Best Of The Dramatics","The Dramatics",2007-01-01,209213,51,false,31hicjaaokhqtsrnskekv63koo3m,2025-04-01T01:00:21Z,"classic soul,soul,philly soul,quiet storm,motown","Stax",0.421,0.514,8,-9.52,0,0.049,0.591,0.0000897,0.337,0.564,145.653,4
spotify:track:6c0G8K6G2LlIfJTsRLJjfs,"I Love The Nightlife (Disco 'Round)","I Love The Nightlife","Alicia Bridges",1978,187973,54,false,31hicjaaokhqtsrnskekv63koo3m,2025-04-01T01:00:21Z,"disco","Polydor",0.693,0.708,0,-7.816,1,0.031,0.309,0.00305,0.0857,0.949,125.315,4
spotify:track:6dQSzIIt4gNE9BpF02Tus4,"Back In Love Again","Classics Volume 27","L.T.D.;Jeffrey Osborne",1988-01-01,284733,42,false,31hicjaaokhqtsrnskekv63koo3m,2025-04-01T01:00:21Z,"classic soul,quiet storm","A&M",0.83,0.559,10,-14.609,0,0.132,0.0173,0.0000485,0.189,0.877,109.34,4
spotify:track:6lFIVJsHsHEWN3s30flQIo,"Ain't Gonna Hurt Nobody","Brick (Expanded Edition)","Brick",1977,235933,43,false,31hicjaaokhqtsrnskekv63koo3m,2025-04-01T01:00:21Z,"funk","Legacy Recordings",0.815,0.759,11,-6.311,0,0.0365,0.0991,0.00644,0.14,0.97,114.371,4
spotify:track:6lFQTBeL6VQcQ1ztAYPekp,"Fantastic Voyage","Fantastic Voyage (Deluxe Edition)","Lakeside",1980-01-01,370893,57,false,31hicjaaokhqtsrnskekv63koo3m,2025-04-01T01:00:21Z,"funk,post-disco","UNIDISC MUSIC INC.",0.816,0.602,7,-11.924,1,0.0755,0.134,0.0000423,0.152,0.963,114.768,4
spotify:track:6nJh9dyel0o2jmlZzYGh3h,"Firecracker","Firecrackers: The Best Of Mass Production","Mass Production",1996-01-01,378240,39,false,31hicjaaokhqtsrnskekv63koo3m,2025-04-01T01:00:21Z,"post-disco,funk","Rhino Atlantic",0.86,0.763,7,-9.482,1,0.132,0.0268,0.0108,0.19,0.937,127.738,4
spotify:track:6ztstiyZL6FXzh4aG46ZPD,"Boogie Wonderland (with The Emotions)","I Am","Earth, Wind & Fire;The Emotions",1979-06,288408,81,false,31hicjaaokhqtsrnskekv63koo3m,2025-04-01T01:00:21Z,"funk,disco,motown","Columbia/Legacy",0.802,0.756,2,-10.791,0,0.0349,0.0843,0.00765,0.0521,0.963,131.715,4
spotify:track:714hERk9U1W8FMYkoC83CO,"You Sexy Thing","Hot Chocolate","Hot Chocolate",1975,244920,73,false,31hicjaaokhqtsrnskekv63koo3m,2025-04-01T01:00:21Z,"","Parlophone UK",0.791,0.733,5,-5.465,1,0.0633,0.523,0.0016,0.167,0.962,105.853,4
spotify:track:743DaI0d44SpwV2ArTPGmy,"Freaks Come Out at Night","The Collection","Whodini",2003-09-01,282866,41,false,31hicjaaokhqtsrnskekv63koo3m,2025-04-01T01:00:21Z,"old school hip hop,east coast hip hop","Jive",0.866,0.861,1,-3.34,1,0.172,0.037,0.0000229,0.0264,0.714,100.749,4
spotify:track:74iQ3gahRTOGc19bYadBE3,"Thank You (Falettinme Be Mice Elf Agin) - Single Version","Greatest Hits","Sly & The Family Stone",1970-11-21,291073,54,false,31hicjaaokhqtsrnskekv63koo3m,2025-04-01T01:00:21Z,"funk,motown,classic soul,funk rock,soul","Epic/Legacy",0.9,0.709,9,-12.683,1,0.0636,0.296,0.00047,0.0863,0.897,105.822,4
spotify:track:75FAk9JQHHLecKEZ8OZxpK,"I Do Love You","Disco Nights (Expanded Edition)","G.Q.",1979-01-01,288733,51,false,31hicjaaokhqtsrnskekv63koo3m,2025-04-01T01:00:21Z,"disco,post-disco","Legacy Recordings",0.465,0.48,7,-13.653,1,0.202,0.0343,0.00000293,0.0427,0.365,184.611,4
spotify:track:78tMgkYwv8fZGwZbtuFFoS,"Green Light","Juicy Fruit","Mtume",1983,317893,29,false,31hicjaaokhqtsrnskekv63koo3m,2025-04-01T01:00:21Z,"post-disco,funk,quiet storm","Epic",0.977,0.743,2,-8.23,1,0.119,0.211,0.0291,0.0351,0.753,114.425,4
spotify:track:7AOhetmSURglr1oOXKcH4f,"West Coast Poplock","Lowrider Magazine Soundtrack, Vol. 2","Ronnie Hudson",2005-01-01,325893,42,false,31hicjaaokhqtsrnskekv63koo3m,2025-04-01T01:00:21Z,"funk","Thump Records",0.836,0.835,1,-5.296,1,0.122,0.0799,0.0000434,0.317,0.78,113.223,4
spotify:track:7C7TiKlyYsVGNdvNJR1QeS,"Don't Stop The Music","D.J. Masters: Slammin' Jams","Yarbrough & Peoples",2001-02-27,250000,53,false,31hicjaaokhqtsrnskekv63koo3m,2025-04-01T01:00:21Z,"post-disco,funk","Universal Music Enterprises",0.824,0.811,8,-6.109,0,0.0425,0.126,0.0595,0.0457,0.96,98.277,4
spotify:track:7FesdPPnPPE70f4Xyjv71H,"The Rain","Juice","Oran Juice Jones",1986,309400,51,false,31hicjaaokhqtsrnskekv63koo3m,2025-04-01T01:00:21Z,"new jack swing","Def Jam Recordings",0.729,0.769,0,-15.838,0,0.0471,0.0186,0.0000273,0.335,0.844,109.148,4
spotify:track:7MRCd5tmZ2iURu4elcBsuH,"You Gonna Make Me Love Somebody Else","The Jones Girls","The Jones Girls",1979,270786,42,false,31hicjaaokhqtsrnskekv63koo3m,2025-04-01T01:00:21Z,"philly soul,post-disco,quiet storm,classic soul","Legacy Recordings",0.8,0.72,1,-7.839,0,0.051,0.251,0.0127,0.0866,0.955,105.677,4
spotify:track:7aWlIvlA3FoH51yekCpCau,"What Cha Gonna Do With My Lovin'","What Cha Gonna Do With My Lovin'","Stephanie Mills",1979-03-29,246893,49,false,31hicjaaokhqtsrnskekv63koo3m,2025-04-01T01:00:21Z,"quiet storm,classic soul,post-disco","Mercury Records",0.639,0.673,10,-6.449,0,0.0456,0.319,0.0159,0.0465,0.766,102.576,4
spotify:track:7fu3Tv5rcoGD1PZV7s57WW,"Rock the Boat","Freedom for the Stallion (Expanded Edition)","Hues Corporation",1973,202573,64,false,31hicjaaokhqtsrnskekv63koo3m,2025-04-01T01:00:21Z,"disco","RCA Victor",0.596,0.58,3,-9.72,1,0.0446,0.256,0,0.1,0.884,107.182,4
spotify:track:7kbcy6mNE93zgxuHTgualy,"So Fine","Funk Classics The 80's","Howard Johnson",2001-01-01,255013,35,false,31hicjaaokhqtsrnskekv63koo3m,2025-04-01T01:00:21Z,"post-disco,funk","Special Products",0.849,0.703,8,-12.242,1,0.138,0.0736,0,0.13,0.602,113.279,4
spotify:track:7oR2quSsW5O7YmUC7HmwiV,"Move Your Boogie Body","Injoy","The Bar-Kays",1979,376226,33,false,31hicjaaokhqtsrnskekv63koo3m,2025-04-01T01:00:21Z,"funk,post-disco","Hip-O Select",0.781,0.954,0,-7.052,1,0.0453,0.386,0.00379,0.105,0.964,113.937,4
spotify:track:7ohR0qPH6f2Vuj2pUNanJG,"Got To Give It Up - Pt. 1","Every Great Motown Hit Of Marvin Gaye","Marvin Gaye",1983-08-22,255133,70,false,31hicjaaokhqtsrnskekv63koo3m,2025-04-01T01:00:21Z,"motown,classic soul,soul,northern soul,quiet storm","UNI/MOTOWN",0.854,0.847,2,-9.019,1,0.042,0.232,0.000569,0.345,0.89,122.644,4
spotify:track:7ovnSuNF7xp348DXh7Ns5u,"Bon bon vie - Gimme the Good Life","House of Music","T.S. Monk",1980-01-01,313185,38,false,31hicjaaokhqtsrnskekv63koo3m,2025-04-01T01:00:21Z,"post-disco","Mirage Records / Unidisc Music Inc.",0.788,0.693,7,-6.564,1,0.0407,0.0449,0.0017,0.0555,0.878,105.001,4
spotify:track:7qwZHrDh5uPfyk6yl6Hl7Y,"Digital Display","20th Century Masters: The Millennium Collection: Best Of Ready For The World","Ready For The World",2002-01-01,346293,36,false,31hicjaaokhqtsrnskekv63koo3m,2025-04-01T01:00:21Z,"new jack swing,quiet storm","Geffen*",0.703,0.758,11,-6.814,0,0.0605,0.0371,0.00609,0.301,0.876,130.372,4
spotify:track:3R97rNX7JnmshCWBwOSFet,"My Lovin' (You're Never Gonna Get It)","Funky Divas","En Vogue",1992-03-24,281613,61,false,31hicjaaokhqtsrnskekv63koo3m,2025-04-01T01:00:35Z,"new jack swing","Rhino Atlantic",0.767,0.839,8,-5.519,1,0.0613,0.0318,0.00000931,0.111,0.461,98.055,4
